rowid,autonumber,createdat,createdby,updatedat,updatedby,name,title,created_at
row06uebpon6,6,2026-06-18T05:15:04.538Z,"{""id"": ""SocketKey_21295_id4cvu""}",,,fc5bb55b-89cf-4a47-ab8b-2a949ea266fa,Executive Associate,
row0rlrobwf2,7,2026-06-18T05:16:51.026Z,"{""id"": ""SocketKey_21295_id4cvu""}",,,e4d655b7-04c8-4824-bdde-90b7caec923f,Juniour HR Executive,
rowcpjk9iljq,8,2026-06-18T05:16:51.914Z,"{""id"": ""SocketKey_21295_id4cvu""}",,,2e387fd5-7e70-4548-b829-dfbebad1f0ed,Junior Accountant,
rowuhnpu4rjm,9,2026-06-18T05:16:52.249Z,"{""id"": ""SocketKey_21295_id4cvu""}",,,2e387fd5-7e70-4548-b829-dfbebad1f0ed,Junior Accountant,
rowekcytvn7t,10,2026-06-18T05:16:52.912Z,"{""id"": ""SocketKey_21295_id4cvu""}",,,2e387fd5-7e70-4548-b829-dfbebad1f0ed,Junior Accountant,
rowoq6sl9sn1,11,2026-06-18T05:16:53.610Z,"{""id"": ""SocketKey_21295_id4cvu""}",,,2e387fd5-7e70-4548-b829-dfbebad1f0ed,Junior Accountant,
rowa5ekullnh,12,2026-06-18T05:16:53.888Z,"{""id"": ""SocketKey_21295_id4cvu""}",,,d84c01c3-eb23-4d46-9ee5-4fcd67bc97bb,Junior developer,
rowxblwdel7i,13,2026-06-18T05:16:54.378Z,"{""id"": ""SocketKey_21295_id4cvu""}",,,cbfff67f-7c3e-426f-a5b3-036c607a9c72,Data Entry,
rowvvv679frd,14,2026-06-18T05:16:55.315Z,"{""id"": ""SocketKey_21295_id4cvu""}",,,2e387fd5-7e70-4548-b829-dfbebad1f0ed,Junior Accountant,
rowo2gfz48bh,15,2026-06-18T05:16:55.501Z,"{""id"": ""SocketKey_21295_id4cvu""}",,,2e387fd5-7e70-4548-b829-dfbebad1f0ed,Junior Accountant,
rowt470ar1t0,16,2026-06-18T05:16:55.640Z,"{""id"": ""SocketKey_21295_id4cvu""}",,,2e387fd5-7e70-4548-b829-dfbebad1f0ed,Junior Accountant,
rowiddc4jvtc,17,2026-06-18T05:16:55.991Z,"{""id"": ""SocketKey_21295_id4cvu""}",,,2e387fd5-7e70-4548-b829-dfbebad1f0ed,Junior Accountant,
row58vr1625b,18,2026-06-18T05:16:56.500Z,"{""id"": ""SocketKey_21295_id4cvu""}",,,2e387fd5-7e70-4548-b829-dfbebad1f0ed,Junior Accountant,
rowdno0b0kot,19,2026-06-18T05:16:56.815Z,"{""id"": ""SocketKey_21295_id4cvu""}",,,2e387fd5-7e70-4548-b829-dfbebad1f0ed,Junior Accountant,
rowb9jhn7yyv,20,2026-06-18T05:16:57.192Z,"{""id"": ""SocketKey_21295_id4cvu""}",,,2e387fd5-7e70-4548-b829-dfbebad1f0ed,Junior Accountant,
rowa6dcdv0eg,21,2026-06-18T05:16:57.400Z,"{""id"": ""SocketKey_21295_id4cvu""}",,,2e387fd5-7e70-4548-b829-dfbebad1f0ed,Junior Accountant,
rowrovyq6olw,22,2026-06-18T05:16:57.621Z,"{""id"": ""SocketKey_21295_id4cvu""}",,,2e387fd5-7e70-4548-b829-dfbebad1f0ed,Junior Accountant,
row7zobfom5e,23,2026-06-18T05:16:58.106Z,"{""id"": ""SocketKey_21295_id4cvu""}",,,2e387fd5-7e70-4548-b829-dfbebad1f0ed,Junior Accountant,
row6hbtajqdo,24,2026-06-18T05:16:58.433Z,"{""id"": ""SocketKey_21295_id4cvu""}",,,b1dfdd80-7d4f-4ac7-9a56-753281f85129,Team Leader,
row4ohu0j8ty,25,2026-06-18T05:16:58.688Z,"{""id"": ""SocketKey_21295_id4cvu""}",,,f8367fd2-e9d7-45ce-89ea-290a6eb8e7f3,Client communication,
rowbpioz7lqx,26,2026-06-18T05:16:59.171Z,"{""id"": ""SocketKey_21295_id4cvu""}",,,5b0bcd7e-4856-40dd-8e21-1f9729488538,CEO,
row0phjor052,27,2026-06-18T05:16:59.362Z,"{""id"": ""SocketKey_21295_id4cvu""}",,,0359bc8e-cf97-4c5d-8049-862497e57990,Team lead,
rowcygypznzp,28,2026-06-18T05:16:59.589Z,"{""id"": ""SocketKey_21295_id4cvu""}",,,0359bc8e-cf97-4c5d-8049-862497e57990,Team lead,
rowz7c178cuo,29,2026-06-18T05:16:59.909Z,"{""id"": ""SocketKey_21295_id4cvu""}",,,2e387fd5-7e70-4548-b829-dfbebad1f0ed,Junior Accountant,
row5wiehdfm9,30,2026-06-18T05:16:59.936Z,"{""id"": ""SocketKey_21295_id4cvu""}",,,2e387fd5-7e70-4548-b829-dfbebad1f0ed,Junior Accountant,
row3ayg2qunx,31,2026-06-18T05:17:00.634Z,"{""id"": ""SocketKey_21295_id4cvu""}",,,2e387fd5-7e70-4548-b829-dfbebad1f0ed,Junior Accountant,
rowydh8kby28,32,2026-06-18T05:17:00.711Z,"{""id"": ""SocketKey_21295_id4cvu""}",,,d84c01c3-eb23-4d46-9ee5-4fcd67bc97bb,Junior developer,
rowrid28ac8q,33,2026-06-18T05:17:01.122Z,"{""id"": ""SocketKey_21295_id4cvu""}",,,2e387fd5-7e70-4548-b829-dfbebad1f0ed,Junior Accountant,
rowmw4dmrctr,34,2026-06-18T05:17:01.510Z,"{""id"": ""SocketKey_21295_id4cvu""}",,,2e387fd5-7e70-4548-b829-dfbebad1f0ed,Junior Accountant,
row7npdsvry0,35,2026-06-18T05:17:01.533Z,"{""id"": ""SocketKey_21295_id4cvu""}",,,2e387fd5-7e70-4548-b829-dfbebad1f0ed,Junior Accountant,
rowhu5p57rti,36,2026-06-18T05:17:01.843Z,"{""id"": ""SocketKey_21295_id4cvu""}",,,2e387fd5-7e70-4548-b829-dfbebad1f0ed,Junior Accountant,
rowza521kwjz,37,2026-06-18T05:17:02.020Z,"{""id"": ""SocketKey_21295_id4cvu""}",,,2e387fd5-7e70-4548-b829-dfbebad1f0ed,Junior Accountant,
row6fja7g392,38,2026-06-18T05:17:02.116Z,"{""id"": ""SocketKey_21295_id4cvu""}",,,2e387fd5-7e70-4548-b829-dfbebad1f0ed,Junior Accountant,
row79qof7q28,39,2026-06-18T05:17:02.281Z,"{""id"": ""SocketKey_21295_id4cvu""}",,,0359bc8e-cf97-4c5d-8049-862497e57990,Team lead,
rowy5sq0jt32,40,2026-06-18T05:17:02.492Z,"{""id"": ""SocketKey_21295_id4cvu""}",,,2e387fd5-7e70-4548-b829-dfbebad1f0ed,Junior Accountant,
rowm7nwpnckt,41,2026-06-18T05:17:02.825Z,"{""id"": ""SocketKey_21295_id4cvu""}",,,2e387fd5-7e70-4548-b829-dfbebad1f0ed,Junior Accountant,
rowjdukhxrxz,42,2026-06-18T05:17:03.197Z,"{""id"": ""SocketKey_21295_id4cvu""}",,,2e387fd5-7e70-4548-b829-dfbebad1f0ed,Junior Accountant,
rowblr906vlr,43,2026-06-18T05:17:03.321Z,"{""id"": ""SocketKey_21295_id4cvu""}",,,a795afa7-543b-46a5-8d50-2ed7f4701df1,Assistant HR,
rowlzn5j1c78,44,2026-06-18T05:17:03.900Z,"{""id"": ""SocketKey_21295_id4cvu""}",,,2e387fd5-7e70-4548-b829-dfbebad1f0ed,Junior Accountant,
rowhljabtjpr,45,2026-06-18T05:17:04.073Z,"{""id"": ""SocketKey_21295_id4cvu""}",,,2e387fd5-7e70-4548-b829-dfbebad1f0ed,Junior Accountant,
row0rx4xb3vm,46,2026-06-18T05:17:05.579Z,"{""id"": ""SocketKey_21295_id4cvu""}",,,2e387fd5-7e70-4548-b829-dfbebad1f0ed,Junior Accountant,
rowpiziwaoro,47,2026-06-18T05:17:08.636Z,"{""id"": ""SocketKey_21295_id4cvu""}",,,2e387fd5-7e70-4548-b829-dfbebad1f0ed,Junior Accountant,
row3j9pes2pn,48,2026-06-18T05:17:11.677Z,"{""id"": ""SocketKey_21295_id4cvu""}",,,d84c01c3-eb23-4d46-9ee5-4fcd67bc97bb,Junior developer,
rowgl3r6aw8i,49,2026-06-18T05:17:14.666Z,"{""id"": ""SocketKey_21295_id4cvu""}",,,f8367fd2-e9d7-45ce-89ea-290a6eb8e7f3,Client communication,
rowbscugw0l7,50,2026-06-18T05:17:17.706Z,"{""id"": ""SocketKey_21295_id4cvu""}",,,2e387fd5-7e70-4548-b829-dfbebad1f0ed,Junior Accountant,
rownac6d46i0,51,2026-06-18T05:17:20.817Z,"{""id"": ""SocketKey_21295_id4cvu""}",,,2e387fd5-7e70-4548-b829-dfbebad1f0ed,Junior Accountant,
rowvihrky889,52,2026-06-18T05:17:23.835Z,"{""id"": ""SocketKey_21295_id4cvu""}",,,d84c01c3-eb23-4d46-9ee5-4fcd67bc97bb,Junior developer,
rowtdt7gg8u4,53,2026-06-18T05:17:26.862Z,"{""id"": ""SocketKey_21295_id4cvu""}",,,2e387fd5-7e70-4548-b829-dfbebad1f0ed,Junior Accountant,
rowlmguhgiax,54,2026-06-18T05:17:29.848Z,"{""id"": ""SocketKey_21295_id4cvu""}",,,0359bc8e-cf97-4c5d-8049-862497e57990,Team lead,
rowv1thvybf4,55,2026-06-18T05:17:32.921Z,"{""id"": ""SocketKey_21295_id4cvu""}",,,2e387fd5-7e70-4548-b829-dfbebad1f0ed,Junior Accountant,
rowv3oa24e6n,56,2026-06-18T05:17:35.934Z,"{""id"": ""SocketKey_21295_id4cvu""}",,,2e387fd5-7e70-4548-b829-dfbebad1f0ed,Junior Accountant,
rowva6tkd7xj,57,2026-06-18T05:17:38.989Z,"{""id"": ""SocketKey_21295_id4cvu""}",,,2e387fd5-7e70-4548-b829-dfbebad1f0ed,Junior Accountant,
row96azxvkol,58,2026-06-18T05:17:41.978Z,"{""id"": ""SocketKey_21295_id4cvu""}",,,53331c87-7085-478b-9169-32c4c1675814,ACCOUNTS EXECUTIVE,
rowqqxt2dzli,59,2026-06-18T05:17:45.005Z,"{""id"": ""SocketKey_21295_id4cvu""}",,,f8367fd2-e9d7-45ce-89ea-290a6eb8e7f3,Client communication,
rowcbqt96pwq,60,2026-06-18T05:17:48.027Z,"{""id"": ""SocketKey_21295_id4cvu""}",,,42b1cef9-ce4c-418d-a9a7-eced7eafb58c,Junior Account,
rowonddqf277,61,2026-06-18T05:17:51.036Z,"{""id"": ""SocketKey_21295_id4cvu""}",,,a795afa7-543b-46a5-8d50-2ed7f4701df1,Assistant HR,
rowdff4spm47,62,2026-06-18T05:17:54.056Z,"{""id"": ""SocketKey_21295_id4cvu""}",,,42b1cef9-ce4c-418d-a9a7-eced7eafb58c,Junior Account,
row7xiu8nw37,63,2026-06-18T05:17:57.190Z,"{""id"": ""SocketKey_21295_id4cvu""}",,,42b1cef9-ce4c-418d-a9a7-eced7eafb58c,Junior Account,
rowg785f52jf,64,2026-06-18T05:18:00.220Z,"{""id"": ""SocketKey_21295_id4cvu""}",,,d84c01c3-eb23-4d46-9ee5-4fcd67bc97bb,Junior developer,
row6hw72e2w9,65,2026-06-18T05:18:03.528Z,"{""id"": ""SocketKey_21295_id4cvu""}",,,2e387fd5-7e70-4548-b829-dfbebad1f0ed,Junior Accountant,
rowdbir3ojza,66,2026-06-18T05:18:06.179Z,"{""id"": ""SocketKey_21295_id4cvu""}",,,d84c01c3-eb23-4d46-9ee5-4fcd67bc97bb,Junior developer,
rowx4wh0zcpt,67,2026-06-18T05:18:09.274Z,"{""id"": ""SocketKey_21295_id4cvu""}",,,f8367fd2-e9d7-45ce-89ea-290a6eb8e7f3,Client communication,
rowwj6nv5cjc,68,2026-06-18T05:18:12.242Z,"{""id"": ""SocketKey_21295_id4cvu""}",,,f8367fd2-e9d7-45ce-89ea-290a6eb8e7f3,Client communication,
rowtnvi8b75x,69,2026-06-18T05:18:15.282Z,"{""id"": ""SocketKey_21295_id4cvu""}",,,2e387fd5-7e70-4548-b829-dfbebad1f0ed,Junior Accountant,
rowd25nn5mmd,70,2026-06-18T05:18:18.311Z,"{""id"": ""SocketKey_21295_id4cvu""}",,,2e387fd5-7e70-4548-b829-dfbebad1f0ed,Junior Accountant,
row2l3ixjfzl,71,2026-06-18T05:18:21.386Z,"{""id"": ""SocketKey_21295_id4cvu""}",,,27cfb1b0-ffd5-466c-b5e5-b25d5eeb4351,Founder,
row62l23lmsh,72,2026-06-18T05:18:24.367Z,"{""id"": ""SocketKey_21295_id4cvu""}",,,2e387fd5-7e70-4548-b829-dfbebad1f0ed,Junior Accountant,
rowe8qcc1aer,73,2026-06-18T05:18:27.393Z,"{""id"": ""SocketKey_21295_id4cvu""}",,,f8367fd2-e9d7-45ce-89ea-290a6eb8e7f3,Client communication,
rowhn61e0v5p,74,2026-06-18T05:18:30.445Z,"{""id"": ""SocketKey_21295_id4cvu""}",,,d84c01c3-eb23-4d46-9ee5-4fcd67bc97bb,Junior developer,
rowhlq2o30t1,75,2026-06-18T05:18:33.451Z,"{""id"": ""SocketKey_21295_id4cvu""}",,,cbfff67f-7c3e-426f-a5b3-036c607a9c72,Data Entry,
rowe624ak0kk,76,2026-06-18T05:18:36.504Z,"{""id"": ""SocketKey_21295_id4cvu""}",,,6277f5c6-02ea-4419-95d2-935490e54367,Manager,
row5tmn5ixgr,77,2026-06-18T05:18:39.594Z,"{""id"": ""SocketKey_21295_id4cvu""}",,,5c647e8a-1fd0-4fa7-9336-ddb5a61d74e6,Account executive,
rownnbhu9r38,78,2026-06-18T05:18:42.605Z,"{""id"": ""SocketKey_21295_id4cvu""}",,,2e387fd5-7e70-4548-b829-dfbebad1f0ed,Junior Accountant,
rowmh4hadddk,79,2026-06-18T05:18:45.611Z,"{""id"": ""SocketKey_21295_id4cvu""}",,,2e387fd5-7e70-4548-b829-dfbebad1f0ed,Junior Accountant,
rowwvoxdcbk5,80,2026-06-18T05:18:48.612Z,"{""id"": ""SocketKey_21295_id4cvu""}",,,2e387fd5-7e70-4548-b829-dfbebad1f0ed,Junior Accountant,
row2xxrmzh0x,81,2026-06-18T05:18:51.649Z,"{""id"": ""SocketKey_21295_id4cvu""}",,,f8367fd2-e9d7-45ce-89ea-290a6eb8e7f3,Client communication,
row8vt8klt2b,82,2026-06-18T05:18:54.711Z,"{""id"": ""SocketKey_21295_id4cvu""}",,,f8367fd2-e9d7-45ce-89ea-290a6eb8e7f3,Client communication,
row8al7lifue,83,2026-06-18T05:18:57.797Z,"{""id"": ""SocketKey_21295_id4cvu""}",,,2e387fd5-7e70-4548-b829-dfbebad1f0ed,Junior Accountant,
rowy5y710j6o,84,2026-06-18T05:19:00.813Z,"{""id"": ""SocketKey_21295_id4cvu""}",,,2e387fd5-7e70-4548-b829-dfbebad1f0ed,Junior Accountant,
rowj4vynn3eg,85,2026-06-18T05:19:03.840Z,"{""id"": ""SocketKey_21295_id4cvu""}",,,2e387fd5-7e70-4548-b829-dfbebad1f0ed,Junior Accountant,
row8iggxxxmf,86,2026-06-18T05:19:06.871Z,"{""id"": ""SocketKey_21295_id4cvu""}",,,2e387fd5-7e70-4548-b829-dfbebad1f0ed,Junior Accountant,
rown2ftraavl,87,2026-06-18T05:19:09.894Z,"{""id"": ""SocketKey_21295_id4cvu""}",,,2e387fd5-7e70-4548-b829-dfbebad1f0ed,Junior Accountant,
row8xsqjl767,88,2026-06-18T05:19:13.096Z,"{""id"": ""SocketKey_21295_id4cvu""}",,,2e387fd5-7e70-4548-b829-dfbebad1f0ed,Junior Accountant,
row0hsadg7hz,89,2026-06-18T05:19:15.961Z,"{""id"": ""SocketKey_21295_id4cvu""}",,,2e387fd5-7e70-4548-b829-dfbebad1f0ed,Junior Accountant,
rowvjflz0p36,90,2026-06-18T05:19:19.009Z,"{""id"": ""SocketKey_21295_id4cvu""}",,,2e387fd5-7e70-4548-b829-dfbebad1f0ed,Junior Accountant,
rowjufhjqkx9,91,2026-06-18T05:19:22.017Z,"{""id"": ""SocketKey_21295_id4cvu""}",,,f8367fd2-e9d7-45ce-89ea-290a6eb8e7f3,Client communication,
row10086qs3h,92,2026-06-18T05:19:25.042Z,"{""id"": ""SocketKey_21295_id4cvu""}",,,f8367fd2-e9d7-45ce-89ea-290a6eb8e7f3,Client communication,
rowb4uy9ux6q,93,2026-06-18T05:19:28.100Z,"{""id"": ""SocketKey_21295_id4cvu""}",,,2e387fd5-7e70-4548-b829-dfbebad1f0ed,Junior Accountant,
rowboc05wn4b,94,2026-06-18T05:19:31.106Z,"{""id"": ""SocketKey_21295_id4cvu""}",,,2e387fd5-7e70-4548-b829-dfbebad1f0ed,Junior Accountant,
rowo1hxzls5v,95,2026-06-18T05:19:34.158Z,"{""id"": ""SocketKey_21295_id4cvu""}",,,2e387fd5-7e70-4548-b829-dfbebad1f0ed,Junior Accountant,
rows5qalghia,96,2026-06-18T05:19:37.180Z,"{""id"": ""SocketKey_21295_id4cvu""}",,,f8367fd2-e9d7-45ce-89ea-290a6eb8e7f3,Client communication,
rowtip6d14lr,97,2026-06-18T05:19:40.202Z,"{""id"": ""SocketKey_21295_id4cvu""}",,,2e387fd5-7e70-4548-b829-dfbebad1f0ed,Junior Accountant,
row0h3k4cyqw,98,2026-06-18T05:19:43.258Z,"{""id"": ""SocketKey_21295_id4cvu""}",,,d84c01c3-eb23-4d46-9ee5-4fcd67bc97bb,Junior developer,
rowrfw9ocfw0,99,2026-06-18T05:19:46.284Z,"{""id"": ""SocketKey_21295_id4cvu""}",,,2e387fd5-7e70-4548-b829-dfbebad1f0ed,Junior Accountant,
rowj5ailpb8m,100,2026-06-18T05:19:49.311Z,"{""id"": ""SocketKey_21295_id4cvu""}",,,2e387fd5-7e70-4548-b829-dfbebad1f0ed,Junior Accountant,
rowv9d13zkue,101,2026-06-18T05:19:52.329Z,"{""id"": ""SocketKey_21295_id4cvu""}",,,f8367fd2-e9d7-45ce-89ea-290a6eb8e7f3,Client communication,
row0uzuchmu3,102,2026-06-18T05:19:55.339Z,"{""id"": ""SocketKey_21295_id4cvu""}",,,f8367fd2-e9d7-45ce-89ea-290a6eb8e7f3,Client communication,
rowy0bp34t2w,103,2026-06-18T05:19:58.430Z,"{""id"": ""SocketKey_21295_id4cvu""}",,,f8367fd2-e9d7-45ce-89ea-290a6eb8e7f3,Client communication,
row62xxtssj9,104,2026-06-18T05:20:01.444Z,"{""id"": ""SocketKey_21295_id4cvu""}",,,f8367fd2-e9d7-45ce-89ea-290a6eb8e7f3,Client communication,
rowa3t2aegrk,105,2026-06-18T05:21:34.739Z,"{""id"": ""SocketKey_21295_id4cvu""}",,,2e387fd5-7e70-4548-b829-dfbebad1f0ed,Junior Accountant,
rowzeqih41ir,106,2026-06-18T05:21:35.784Z,"{""id"": ""SocketKey_21295_id4cvu""}",,,f8367fd2-e9d7-45ce-89ea-290a6eb8e7f3,Client communication,
rowmekd0gren,107,2026-06-18T05:21:36.483Z,"{""id"": ""SocketKey_21295_id4cvu""}",,,df99bef2-4f20-4bd2-99ba-54f345c1e005,Office Boy,
rowcs8aliob9,108,2026-06-18T05:21:37.477Z,"{""id"": ""SocketKey_21295_id4cvu""}",,,2e387fd5-7e70-4548-b829-dfbebad1f0ed,Junior Accountant,
rowmtwgzj6tc,109,2026-06-18T05:21:37.901Z,"{""id"": ""SocketKey_21295_id4cvu""}",,,2e387fd5-7e70-4548-b829-dfbebad1f0ed,Junior Accountant,
rowuvqawu1nk,110,2026-06-18T05:21:39.338Z,"{""id"": ""SocketKey_21295_id4cvu""}",,,2e387fd5-7e70-4548-b829-dfbebad1f0ed,Junior Accountant,
rowwteer1pek,111,2026-06-18T05:21:39.420Z,"{""id"": ""SocketKey_21295_id4cvu""}",,,2e387fd5-7e70-4548-b829-dfbebad1f0ed,Junior Accountant,
rowjx5jfj44i,112,2026-06-18T05:21:39.824Z,"{""id"": ""SocketKey_21295_id4cvu""}",,,0359bc8e-cf97-4c5d-8049-862497e57990,Team lead,
row7ec9jkhor,113,2026-06-18T05:21:39.930Z,"{""id"": ""SocketKey_21295_id4cvu""}",,,2e387fd5-7e70-4548-b829-dfbebad1f0ed,Junior Accountant,
row39rqybnv2,114,2026-06-18T05:21:40.208Z,"{""id"": ""SocketKey_21295_id4cvu""}",,,f2d228e5-1cfb-4992-816b-3bb4f3ac6b13,Program Coordinator,
rowh31o94jc1,115,2026-06-18T05:21:40.340Z,"{""id"": ""SocketKey_21295_id4cvu""}",,,2e387fd5-7e70-4548-b829-dfbebad1f0ed,Junior Accountant,
rowegm3n75cc,116,2026-06-18T05:21:40.750Z,"{""id"": ""SocketKey_21295_id4cvu""}",,,2e387fd5-7e70-4548-b829-dfbebad1f0ed,Junior Accountant,
rowu5xjnp19p,117,2026-06-18T05:21:41.186Z,"{""id"": ""SocketKey_21295_id4cvu""}",,,f8367fd2-e9d7-45ce-89ea-290a6eb8e7f3,Client communication,
rowyfwqwxbfc,118,2026-06-18T05:21:41.991Z,"{""id"": ""SocketKey_21295_id4cvu""}",,,0359bc8e-cf97-4c5d-8049-862497e57990,Team lead,
rowlmmjxfb15,119,2026-06-18T05:21:42.018Z,"{""id"": ""SocketKey_21295_id4cvu""}",,,2e387fd5-7e70-4548-b829-dfbebad1f0ed,Junior Accountant,
rowzopi05djy,120,2026-06-18T05:21:42.101Z,"{""id"": ""SocketKey_21295_id4cvu""}",,,2e387fd5-7e70-4548-b829-dfbebad1f0ed,Junior Accountant,
rowds5xedohe,121,2026-06-18T05:21:42.302Z,"{""id"": ""SocketKey_21295_id4cvu""}",,,2e387fd5-7e70-4548-b829-dfbebad1f0ed,Junior Accountant,
rowjz1gzomjt,122,2026-06-18T05:21:42.392Z,"{""id"": ""SocketKey_21295_id4cvu""}",,,2e387fd5-7e70-4548-b829-dfbebad1f0ed,Junior Accountant,
rowgbjtimdgv,123,2026-06-18T05:21:42.917Z,"{""id"": ""SocketKey_21295_id4cvu""}",,,2e387fd5-7e70-4548-b829-dfbebad1f0ed,Junior Accountant,
row48aien2zz,124,2026-06-18T05:21:43.109Z,"{""id"": ""SocketKey_21295_id4cvu""}",,,2e387fd5-7e70-4548-b829-dfbebad1f0ed,Junior Accountant,
rowxjey6kzx7,125,2026-06-18T05:21:43.508Z,"{""id"": ""SocketKey_21295_id4cvu""}",,,2e387fd5-7e70-4548-b829-dfbebad1f0ed,Junior Accountant,
row6ztylxpq4,126,2026-06-18T05:21:43.649Z,"{""id"": ""SocketKey_21295_id4cvu""}",,,39e0f195-7e02-46b2-bdfe-b0bd451f1d78,Communication team,
rowwinshoorz,127,2026-06-18T05:21:44.020Z,"{""id"": ""SocketKey_21295_id4cvu""}",,,2e387fd5-7e70-4548-b829-dfbebad1f0ed,Junior Accountant,
rowocsvmqzpr,128,2026-06-18T05:21:44.291Z,"{""id"": ""SocketKey_21295_id4cvu""}",,,fc5bb55b-89cf-4a47-ab8b-2a949ea266fa,Executive Associate,
rowdrjqj9foq,129,2026-06-18T05:21:44.581Z,"{""id"": ""SocketKey_21295_id4cvu""}",,,2e387fd5-7e70-4548-b829-dfbebad1f0ed,Junior Accountant,
rowphpg9fyar,130,2026-06-18T05:21:45.011Z,"{""id"": ""SocketKey_21295_id4cvu""}",,,2e387fd5-7e70-4548-b829-dfbebad1f0ed,Junior Accountant,
row1bfyom03a,131,2026-06-18T05:21:45.102Z,"{""id"": ""SocketKey_21295_id4cvu""}",,,2e387fd5-7e70-4548-b829-dfbebad1f0ed,Junior Accountant,
rowyw6z6slu6,132,2026-06-18T05:21:45.212Z,"{""id"": ""SocketKey_21295_id4cvu""}",,,2e387fd5-7e70-4548-b829-dfbebad1f0ed,Junior Accountant,
rowkih65ah44,133,2026-06-18T05:21:45.424Z,"{""id"": ""SocketKey_21295_id4cvu""}",,,2e387fd5-7e70-4548-b829-dfbebad1f0ed,Junior Accountant,
row3z985amlk,134,2026-06-18T05:21:45.721Z,"{""id"": ""SocketKey_21295_id4cvu""}",,,2e387fd5-7e70-4548-b829-dfbebad1f0ed,Junior Accountant,
rowmmy2tvccc,135,2026-06-18T05:21:45.819Z,"{""id"": ""SocketKey_21295_id4cvu""}",,,2e387fd5-7e70-4548-b829-dfbebad1f0ed,Junior Accountant,
rowmqh6awxf5,136,2026-06-18T05:21:46.005Z,"{""id"": ""SocketKey_21295_id4cvu""}",,,5a0294a2-fa57-449b-bbbf-eea947aaa0af,Marketing and Community Engagement Executive,
rowo7gl8spwp,137,2026-06-18T05:21:46.665Z,"{""id"": ""SocketKey_21295_id4cvu""}",,,2e387fd5-7e70-4548-b829-dfbebad1f0ed,Junior Accountant,
rowhrpept7ba,138,2026-06-18T05:21:46.948Z,"{""id"": ""SocketKey_21295_id4cvu""}",,,2e387fd5-7e70-4548-b829-dfbebad1f0ed,Junior Accountant,
rowdk6fryhea,139,2026-06-18T05:21:47.469Z,"{""id"": ""SocketKey_21295_id4cvu""}",,,2e387fd5-7e70-4548-b829-dfbebad1f0ed,Junior Accountant,
row3iee8j68j,140,2026-06-18T05:21:50.495Z,"{""id"": ""SocketKey_21295_id4cvu""}",,,2e387fd5-7e70-4548-b829-dfbebad1f0ed,Junior Accountant,
rowl8vclfw5v,141,2026-06-18T05:21:53.622Z,"{""id"": ""SocketKey_21295_id4cvu""}",,,2e387fd5-7e70-4548-b829-dfbebad1f0ed,Junior Accountant,
rowko5w6mlw4,142,2026-06-18T05:21:56.656Z,"{""id"": ""SocketKey_21295_id4cvu""}",,,2e387fd5-7e70-4548-b829-dfbebad1f0ed,Junior Accountant,
row953erhgvh,143,2026-06-18T05:21:59.651Z,"{""id"": ""SocketKey_21295_id4cvu""}",,,2e387fd5-7e70-4548-b829-dfbebad1f0ed,Junior Accountant,
rowls918ny1k,144,2026-06-18T05:22:29.172Z,"{""id"": ""SocketKey_21295_id4cvu""}",,,dfba088f-69df-41d5-8905-76e918fec563,Lead Developer,
rowr8eslbawp,145,2026-06-18T05:22:31.212Z,"{""id"": ""SocketKey_21295_id4cvu""}",,,2e387fd5-7e70-4548-b829-dfbebad1f0ed,Junior Accountant,
row43d20ytgz,146,2026-06-18T05:22:31.912Z,"{""id"": ""SocketKey_21295_id4cvu""}",,,98a6001b-5f02-48f1-85c3-f2e919ae3c8a,HR Executive,
rowmri3n6fxx,147,2026-06-18T05:22:32.170Z,"{""id"": ""SocketKey_21295_id4cvu""}",,,2e387fd5-7e70-4548-b829-dfbebad1f0ed,Junior Accountant,
rowfkcfxd1q2,148,2026-06-18T05:22:33.192Z,"{""id"": ""SocketKey_21295_id4cvu""}",,,2e387fd5-7e70-4548-b829-dfbebad1f0ed,Junior Accountant,
rowllfzufjzg,149,2026-06-18T05:22:34.172Z,"{""id"": ""SocketKey_21295_id4cvu""}",,,2e387fd5-7e70-4548-b829-dfbebad1f0ed,Junior Accountant,
row3q3j8ancb,150,2026-06-18T05:22:34.688Z,"{""id"": ""SocketKey_21295_id4cvu""}",,,2e387fd5-7e70-4548-b829-dfbebad1f0ed,Junior Accountant,
rowq8kh42e03,151,2026-06-18T05:22:34.926Z,"{""id"": ""SocketKey_21295_id4cvu""}",,,2e387fd5-7e70-4548-b829-dfbebad1f0ed,Junior Accountant,
rowrfscobqkz,152,2026-06-18T05:22:35.417Z,"{""id"": ""SocketKey_21295_id4cvu""}",,,2e387fd5-7e70-4548-b829-dfbebad1f0ed,Junior Accountant,
rowugpm1ojzl,153,2026-06-18T05:22:35.916Z,"{""id"": ""SocketKey_21295_id4cvu""}",,,2e387fd5-7e70-4548-b829-dfbebad1f0ed,Junior Accountant,
row3xjkjp48s,154,2026-06-18T05:22:36.412Z,"{""id"": ""SocketKey_21295_id4cvu""}",,,df99bef2-4f20-4bd2-99ba-54f345c1e005,Office Boy,
rowgko3f1eyc,155,2026-06-18T05:22:36.672Z,"{""id"": ""SocketKey_21295_id4cvu""}",,,2e387fd5-7e70-4548-b829-dfbebad1f0ed,Junior Accountant,
row92irgivok,156,2026-06-18T05:22:39.168Z,"{""id"": ""SocketKey_21295_id4cvu""}",,,2e387fd5-7e70-4548-b829-dfbebad1f0ed,Junior Accountant,
rowvbr3rwu7o,157,2026-06-18T05:22:42.173Z,"{""id"": ""SocketKey_21295_id4cvu""}",,,f8367fd2-e9d7-45ce-89ea-290a6eb8e7f3,Client communication,
rowlj3f4rcnf,158,2026-06-18T05:22:45.178Z,"{""id"": ""SocketKey_21295_id4cvu""}",,,2e387fd5-7e70-4548-b829-dfbebad1f0ed,Junior Accountant,
rowj3ywuvgpp,159,2026-06-18T05:22:48.185Z,"{""id"": ""SocketKey_21295_id4cvu""}",,,2e387fd5-7e70-4548-b829-dfbebad1f0ed,Junior Accountant,
row07o6ijfbh,160,2026-06-18T05:22:51.411Z,"{""id"": ""SocketKey_21295_id4cvu""}",,,6acefc54-16db-4a0a-8204-ed6610d43f16,MMC VA,
rowm4yiwyxjv,161,2026-06-18T05:22:54.415Z,"{""id"": ""SocketKey_21295_id4cvu""}",,,318c0253-d497-4a78-829e-ea0db1e4b2ff,Data Migration And documentation consultant,
rowp7u84ythb,162,2026-06-18T05:22:57.416Z,"{""id"": ""SocketKey_21295_id4cvu""}",,,f8367fd2-e9d7-45ce-89ea-290a6eb8e7f3,Client communication,
rowyylqf3x1g,163,2026-06-18T05:23:00.421Z,"{""id"": ""SocketKey_21295_id4cvu""}",,,c6377734-5c2e-4d62-8af4-b0d65a5f1aa7,Data Scientist,
rowd4zn8bx8o,164,2026-06-18T05:23:04.449Z,"{""id"": ""SocketKey_21295_id4cvu""}",,,2e387fd5-7e70-4548-b829-dfbebad1f0ed,Junior Accountant,
rowlqklrtt0v,165,2026-06-18T05:23:06.415Z,"{""id"": ""SocketKey_21295_id4cvu""}",,,2e387fd5-7e70-4548-b829-dfbebad1f0ed,Junior Accountant,
row5thohfxgt,166,2026-06-18T05:23:09.412Z,"{""id"": ""SocketKey_21295_id4cvu""}",,,253c97bb-8ee8-419b-80fc-30ce272fb474,Junior Marketing Executive,
rowxfihc4scu,167,2026-06-18T05:23:12.415Z,"{""id"": ""SocketKey_21295_id4cvu""}",,,2e387fd5-7e70-4548-b829-dfbebad1f0ed,Junior Accountant,
rowhp3bmb8dk,168,2026-06-18T05:23:15.485Z,"{""id"": ""SocketKey_21295_id4cvu""}",,,fc5bb55b-89cf-4a47-ab8b-2a949ea266fa,Executive Associate,
rowh2ppux7gi,169,2026-06-18T05:23:18.502Z,"{""id"": ""SocketKey_21295_id4cvu""}",,,74f90ea5-b309-4d6d-b95a-5bca9b77d239,Client coordinator,
rowa6s395sn2,170,2026-06-18T05:23:21.665Z,"{""id"": ""SocketKey_21295_id4cvu""}",,,f8367fd2-e9d7-45ce-89ea-290a6eb8e7f3,Client communication,
row7g8cyjpf3,171,2026-06-18T05:23:24.673Z,"{""id"": ""SocketKey_21295_id4cvu""}",,,74f90ea5-b309-4d6d-b95a-5bca9b77d239,Client coordinator,
row7ju873wnm,172,2026-06-18T05:23:27.667Z,"{""id"": ""SocketKey_21295_id4cvu""}",,,2e387fd5-7e70-4548-b829-dfbebad1f0ed,Junior Accountant,
row6pxf5rzp2,173,2026-06-18T05:23:30.661Z,"{""id"": ""SocketKey_21295_id4cvu""}",,,2e387fd5-7e70-4548-b829-dfbebad1f0ed,Junior Accountant,
row4ydjo6h2n,174,2026-06-18T05:23:33.691Z,"{""id"": ""SocketKey_21295_id4cvu""}",,,2e387fd5-7e70-4548-b829-dfbebad1f0ed,Junior Accountant,
row3ta956f09,175,2026-06-18T05:23:36.672Z,"{""id"": ""SocketKey_21295_id4cvu""}",,,2e387fd5-7e70-4548-b829-dfbebad1f0ed,Junior Accountant,
rowfww3otqze,176,2026-06-18T05:23:39.676Z,"{""id"": ""SocketKey_21295_id4cvu""}",,,f8367fd2-e9d7-45ce-89ea-290a6eb8e7f3,Client communication,
rowzgdcmgzpi,177,2026-06-18T05:23:42.922Z,"{""id"": ""SocketKey_21295_id4cvu""}",,,f8367fd2-e9d7-45ce-89ea-290a6eb8e7f3,Client communication,
row49kru00us,178,2026-06-18T05:23:45.733Z,"{""id"": ""SocketKey_21295_id4cvu""}",,,39e0f195-7e02-46b2-bdfe-b0bd451f1d78,Communication team,
rowjh8fez1uu,179,2026-06-18T05:23:48.915Z,"{""id"": ""SocketKey_21295_id4cvu""}",,,2e387fd5-7e70-4548-b829-dfbebad1f0ed,Junior Accountant,
rowy1o89r24o,180,2026-06-18T05:23:51.914Z,"{""id"": ""SocketKey_21295_id4cvu""}",,,2e387fd5-7e70-4548-b829-dfbebad1f0ed,Junior Accountant,
row6pi2ta438,181,2026-06-18T05:23:54.834Z,"{""id"": ""SocketKey_21295_id4cvu""}",,,af79ea19-2ae3-4eb4-bf6c-b9a4949a5d97,Junior Accounting,
rowc41rv5xhp,182,2026-06-18T05:23:57.917Z,"{""id"": ""SocketKey_21295_id4cvu""}",,,d84c01c3-eb23-4d46-9ee5-4fcd67bc97bb,Junior developer,
rowb9hplrf7x,183,2026-06-18T05:24:00.915Z,"{""id"": ""SocketKey_21295_id4cvu""}",,,abac0375-6419-4f65-a993-962c9d829b54,Senior Accountant,
roww2t4005r4,184,2026-06-18T05:24:03.926Z,"{""id"": ""SocketKey_21295_id4cvu""}",,,2e387fd5-7e70-4548-b829-dfbebad1f0ed,Junior Accountant,
row4qqkxo80x,185,2026-06-18T05:24:06.942Z,"{""id"": ""SocketKey_21295_id4cvu""}",,,0141bcf4-fdb5-4835-93dc-d786919489ee,operator,
rowz3jwu5qjd,186,2026-06-18T05:24:10.163Z,"{""id"": ""SocketKey_21295_id4cvu""}",,,2e387fd5-7e70-4548-b829-dfbebad1f0ed,Junior Accountant,
rowa0jsyyvnu,187,2026-06-18T05:24:13.174Z,"{""id"": ""SocketKey_21295_id4cvu""}",,,0359bc8e-cf97-4c5d-8049-862497e57990,Team lead,
row28kqssgd6,188,2026-06-18T05:24:16.205Z,"{""id"": ""SocketKey_21295_id4cvu""}",,,2e387fd5-7e70-4548-b829-dfbebad1f0ed,Junior Accountant,
rowdn8ymskyr,189,2026-06-18T05:24:19.164Z,"{""id"": ""SocketKey_21295_id4cvu""}",,,0359bc8e-cf97-4c5d-8049-862497e57990,Team lead,
row410lmvi3k,190,2026-06-18T05:24:22.176Z,"{""id"": ""SocketKey_21295_id4cvu""}",,,2e387fd5-7e70-4548-b829-dfbebad1f0ed,Junior Accountant,
row6i89ao8sx,191,2026-06-18T05:24:25.167Z,"{""id"": ""SocketKey_21295_id4cvu""}",,,2e387fd5-7e70-4548-b829-dfbebad1f0ed,Junior Accountant,
rowp78ddjmkn,192,2026-06-18T05:24:28.164Z,"{""id"": ""SocketKey_21295_id4cvu""}",,,2e387fd5-7e70-4548-b829-dfbebad1f0ed,Junior Accountant,
rowbrkznzopg,193,2026-06-18T05:24:31.196Z,"{""id"": ""SocketKey_21295_id4cvu""}",,,d84c01c3-eb23-4d46-9ee5-4fcd67bc97bb,Junior developer,
rowod7h1zhmu,194,2026-06-18T05:24:34.446Z,"{""id"": ""SocketKey_21295_id4cvu""}",,,d84c01c3-eb23-4d46-9ee5-4fcd67bc97bb,Junior developer,
rowaflwlf0c8,195,2026-06-18T05:24:37.455Z,"{""id"": ""SocketKey_21295_id4cvu""}",,,2e387fd5-7e70-4548-b829-dfbebad1f0ed,Junior Accountant,
rowskqg6cdk8,196,2026-06-18T05:24:40.413Z,"{""id"": ""SocketKey_21295_id4cvu""}",,,2e387fd5-7e70-4548-b829-dfbebad1f0ed,Junior Accountant,
rowfcwv6swga,197,2026-06-18T05:24:43.433Z,"{""id"": ""SocketKey_21295_id4cvu""}",,,2e387fd5-7e70-4548-b829-dfbebad1f0ed,Junior Accountant,
rown9drr637q,198,2026-06-18T05:24:46.418Z,"{""id"": ""SocketKey_21295_id4cvu""}",,,61df5608-0d38-4eb3-b2db-268370c1e3d8,Migration and Accounting Enablement lead,
rowvujk0ssko,199,2026-06-18T05:24:49.416Z,"{""id"": ""SocketKey_21295_id4cvu""}",,,0359bc8e-cf97-4c5d-8049-862497e57990,Team lead,
rowow74p2kix,200,2026-06-18T05:24:52.415Z,"{""id"": ""SocketKey_21295_id4cvu""}",,,fc5bb55b-89cf-4a47-ab8b-2a949ea266fa,Executive Associate,
rowugmexbnrc,201,2026-06-18T05:24:55.432Z,"{""id"": ""SocketKey_21295_id4cvu""}",,,f8367fd2-e9d7-45ce-89ea-290a6eb8e7f3,Client communication,
roww4y9djyof,202,2026-06-18T05:24:58.664Z,"{""id"": ""SocketKey_21295_id4cvu""}",,,2e387fd5-7e70-4548-b829-dfbebad1f0ed,Junior Accountant,
rowqf5f9zogk,203,2026-06-18T05:25:01.668Z,"{""id"": ""SocketKey_21295_id4cvu""}",,,2e387fd5-7e70-4548-b829-dfbebad1f0ed,Junior Accountant,
rowgwh1i06rl,204,2026-06-18T05:26:42.418Z,"{""id"": ""SocketKey_21295_id4cvu""}",,,42b1cef9-ce4c-418d-a9a7-eced7eafb58c,Junior Account,
rowo7zlai708,205,2026-06-18T05:26:42.917Z,"{""id"": ""SocketKey_21295_id4cvu""}",,,6df53e1d-e5b5-4f3a-8bb1-6a31121a9f5f,developer,
rowqil2spgv9,206,2026-06-18T05:26:43.682Z,"{""id"": ""SocketKey_21295_id4cvu""}",,,2e387fd5-7e70-4548-b829-dfbebad1f0ed,Junior Accountant,
row3miykh20o,207,2026-06-18T05:26:44.163Z,"{""id"": ""SocketKey_21295_id4cvu""}",,,37f56bca-e231-47bd-8e1f-163972061861,Human Resource,
rowc8apezfl4,208,2026-06-18T05:26:44.672Z,"{""id"": ""SocketKey_21295_id4cvu""}",,,2e387fd5-7e70-4548-b829-dfbebad1f0ed,Junior Accountant,
rowz5ob0dt6k,209,2026-06-18T05:26:45.180Z,"{""id"": ""SocketKey_21295_id4cvu""}",,,df99bef2-4f20-4bd2-99ba-54f345c1e005,Office Boy,
rowu54ybahv7,210,2026-06-18T05:26:45.415Z,"{""id"": ""SocketKey_21295_id4cvu""}",,,0359bc8e-cf97-4c5d-8049-862497e57990,Team lead,
rowu3oii8otf,211,2026-06-18T05:26:45.666Z,"{""id"": ""SocketKey_21295_id4cvu""}",,,abac0375-6419-4f65-a993-962c9d829b54,Senior Accountant,
rowxdiwgzskx,212,2026-06-18T05:26:45.959Z,"{""id"": ""SocketKey_21295_id4cvu""}",,,2e387fd5-7e70-4548-b829-dfbebad1f0ed,Junior Accountant,
row6yonmsmb1,213,2026-06-18T05:26:46.250Z,"{""id"": ""SocketKey_21295_id4cvu""}",,,2e387fd5-7e70-4548-b829-dfbebad1f0ed,Junior Accountant,
rowm3qugdzs9,214,2026-06-18T05:26:47.192Z,"{""id"": ""SocketKey_21295_id4cvu""}",,,d84c01c3-eb23-4d46-9ee5-4fcd67bc97bb,Junior developer,
row36z1zklap,215,2026-06-18T05:26:47.426Z,"{""id"": ""SocketKey_21295_id4cvu""}",,,42b1cef9-ce4c-418d-a9a7-eced7eafb58c,Junior Account,
rowe2vs5iugk,216,2026-06-18T05:26:47.745Z,"{""id"": ""SocketKey_21295_id4cvu""}",,,49a201f6-e0f0-4c50-b1f4-3174652f54bd,Automation engineer,
roww6o3yyv0m,217,2026-06-18T05:26:48.185Z,"{""id"": ""SocketKey_21295_id4cvu""}",,,2e387fd5-7e70-4548-b829-dfbebad1f0ed,Junior Accountant,
rowquu562o84,218,2026-06-18T05:26:48.418Z,"{""id"": ""SocketKey_21295_id4cvu""}",,,2e387fd5-7e70-4548-b829-dfbebad1f0ed,Junior Accountant,
rowyqh201bv8,219,2026-06-18T05:26:48.427Z,"{""id"": ""SocketKey_21295_id4cvu""}",,,2e387fd5-7e70-4548-b829-dfbebad1f0ed,Junior Accountant,
rowjqmlnstzo,220,2026-06-18T05:26:49.166Z,"{""id"": ""SocketKey_21295_id4cvu""}",,,2e387fd5-7e70-4548-b829-dfbebad1f0ed,Junior Accountant,
rowosb98vv7k,221,2026-06-18T05:26:49.667Z,"{""id"": ""SocketKey_21295_id4cvu""}",,,0359bc8e-cf97-4c5d-8049-862497e57990,Team lead,
rowhgd4cknji,222,2026-06-18T05:26:49.987Z,"{""id"": ""SocketKey_21295_id4cvu""}",,,2e387fd5-7e70-4548-b829-dfbebad1f0ed,Junior Accountant,
rowjle7deuxr,223,2026-06-18T05:26:50.181Z,"{""id"": ""SocketKey_21295_id4cvu""}",,,f8367fd2-e9d7-45ce-89ea-290a6eb8e7f3,Client communication,
rowdt6jrk63w,224,2026-06-18T05:26:50.916Z,"{""id"": ""SocketKey_21295_id4cvu""}",,,2e387fd5-7e70-4548-b829-dfbebad1f0ed,Junior Accountant,
rowro5h88igo,225,2026-06-18T05:26:50.936Z,"{""id"": ""SocketKey_21295_id4cvu""}",,,2e387fd5-7e70-4548-b829-dfbebad1f0ed,Junior Accountant,
row92ryqvws4,226,2026-06-18T05:26:51.410Z,"{""id"": ""SocketKey_21295_id4cvu""}",,,2e387fd5-7e70-4548-b829-dfbebad1f0ed,Junior Accountant,
row194szv2n7,227,2026-06-18T05:26:51.663Z,"{""id"": ""SocketKey_21295_id4cvu""}",,,2e387fd5-7e70-4548-b829-dfbebad1f0ed,Junior Accountant,
rowy0ke8palt,228,2026-06-18T05:26:52.178Z,"{""id"": ""SocketKey_21295_id4cvu""}",,,2e387fd5-7e70-4548-b829-dfbebad1f0ed,Junior Accountant,
rowj82ax7nnz,229,2026-06-18T05:26:52.417Z,"{""id"": ""SocketKey_21295_id4cvu""}",,,2e387fd5-7e70-4548-b829-dfbebad1f0ed,Junior Accountant,
rowdupurti9f,230,2026-06-18T05:26:52.663Z,"{""id"": ""SocketKey_21295_id4cvu""}",,,2e387fd5-7e70-4548-b829-dfbebad1f0ed,Junior Accountant,
rowh9x0ynvyc,231,2026-06-18T05:26:52.670Z,"{""id"": ""SocketKey_21295_id4cvu""}",,,2e387fd5-7e70-4548-b829-dfbebad1f0ed,Junior Accountant,
row7r6211jb9,232,2026-06-18T05:26:52.921Z,"{""id"": ""SocketKey_21295_id4cvu""}",,,0359bc8e-cf97-4c5d-8049-862497e57990,Team lead,
rowo7e4fz94o,233,2026-06-18T05:26:53.253Z,"{""id"": ""SocketKey_21295_id4cvu""}",,,2e387fd5-7e70-4548-b829-dfbebad1f0ed,Junior Accountant,
rowdc5hj113y,234,2026-06-18T05:26:53.668Z,"{""id"": ""SocketKey_21295_id4cvu""}",,,2e387fd5-7e70-4548-b829-dfbebad1f0ed,Junior Accountant,
row905goqttg,235,2026-06-18T05:26:53.678Z,"{""id"": ""SocketKey_21295_id4cvu""}",,,2e387fd5-7e70-4548-b829-dfbebad1f0ed,Junior Accountant,
row2jzms4tkw,236,2026-06-18T05:26:53.923Z,"{""id"": ""SocketKey_21295_id4cvu""}",,,5d5b7b16-b334-4932-967f-2787de5ffbd5,Software Engineer,
rowfu9e9sf9h,237,2026-06-18T05:26:54.212Z,"{""id"": ""SocketKey_21295_id4cvu""}",,,2e387fd5-7e70-4548-b829-dfbebad1f0ed,Junior Accountant,
rowmebxbuf5x,238,2026-06-18T05:26:54.544Z,"{""id"": ""SocketKey_21295_id4cvu""}",,,0359bc8e-cf97-4c5d-8049-862497e57990,Team lead,
rowldk3ddkcr,239,2026-06-18T05:26:55.174Z,"{""id"": ""SocketKey_21295_id4cvu""}",,,98a6001b-5f02-48f1-85c3-f2e919ae3c8a,HR Executive,
row5t25r732a,240,2026-06-18T05:26:55.214Z,"{""id"": ""SocketKey_21295_id4cvu""}",,,0359bc8e-cf97-4c5d-8049-862497e57990,Team lead,
rowv4lrqrnll,241,2026-06-18T05:26:56.675Z,"{""id"": ""SocketKey_21295_id4cvu""}",,,0359bc8e-cf97-4c5d-8049-862497e57990,Team lead,
rownlx2qyoe9,242,2026-06-18T05:26:59.709Z,"{""id"": ""SocketKey_21295_id4cvu""}",,,0359bc8e-cf97-4c5d-8049-862497e57990,Team lead,
row0adal4f3y,243,2026-06-18T05:27:02.697Z,"{""id"": ""SocketKey_21295_id4cvu""}",,,2e387fd5-7e70-4548-b829-dfbebad1f0ed,Junior Accountant,
rowefwp3tn64,244,2026-06-18T05:27:05.917Z,"{""id"": ""SocketKey_21295_id4cvu""}",,,f8367fd2-e9d7-45ce-89ea-290a6eb8e7f3,Client communication,
row07t5lf4jl,245,2026-06-18T05:27:08.915Z,"{""id"": ""SocketKey_21295_id4cvu""}",,,f8367fd2-e9d7-45ce-89ea-290a6eb8e7f3,Client communication,
rowzw2s4rods,246,2026-06-18T05:27:11.918Z,"{""id"": ""SocketKey_21295_id4cvu""}",,,2e387fd5-7e70-4548-b829-dfbebad1f0ed,Junior Accountant,
rowztriu1a02,247,2026-06-18T05:27:14.924Z,"{""id"": ""SocketKey_21295_id4cvu""}",,,2e387fd5-7e70-4548-b829-dfbebad1f0ed,Junior Accountant,
rowctwkggkao,248,2026-06-18T05:27:17.912Z,"{""id"": ""SocketKey_21295_id4cvu""}",,,2e387fd5-7e70-4548-b829-dfbebad1f0ed,Junior Accountant,
rowkya4jnc4l,249,2026-06-18T05:27:20.915Z,"{""id"": ""SocketKey_21295_id4cvu""}",,,f8367fd2-e9d7-45ce-89ea-290a6eb8e7f3,Client communication,
row61q9rtapk,250,2026-06-18T05:27:24.163Z,"{""id"": ""SocketKey_21295_id4cvu""}",,,2e387fd5-7e70-4548-b829-dfbebad1f0ed,Junior Accountant,
rowu6bzbgaxw,251,2026-06-18T05:27:26.944Z,"{""id"": ""SocketKey_21295_id4cvu""}",,,2e387fd5-7e70-4548-b829-dfbebad1f0ed,Junior Accountant,
rowep0m0luff,252,2026-06-18T05:27:30.163Z,"{""id"": ""SocketKey_21295_id4cvu""}",,,2e387fd5-7e70-4548-b829-dfbebad1f0ed,Junior Accountant,
rowbqswxqh19,253,2026-06-18T05:27:33.165Z,"{""id"": ""SocketKey_21295_id4cvu""}",,,2e387fd5-7e70-4548-b829-dfbebad1f0ed,Junior Accountant,
rowrioanx96g,254,2026-06-18T05:27:36.029Z,"{""id"": ""SocketKey_21295_id4cvu""}",,,2e387fd5-7e70-4548-b829-dfbebad1f0ed,Junior Accountant,
rowjutgbrfou,255,2026-06-18T05:27:39.118Z,"{""id"": ""SocketKey_21295_id4cvu""}",,,2e387fd5-7e70-4548-b829-dfbebad1f0ed,Junior Accountant,
rowdit2hi5an,256,2026-06-18T05:27:42.219Z,"{""id"": ""SocketKey_21295_id4cvu""}",,,2e387fd5-7e70-4548-b829-dfbebad1f0ed,Junior Accountant,
rowl0isye6em,257,2026-06-18T05:27:45.155Z,"{""id"": ""SocketKey_21295_id4cvu""}",,,abac0375-6419-4f65-a993-962c9d829b54,Senior Accountant,
rowg3plxyfuu,258,2026-06-18T05:27:48.172Z,"{""id"": ""SocketKey_21295_id4cvu""}",,,2e387fd5-7e70-4548-b829-dfbebad1f0ed,Junior Accountant,
rowkra86pl3f,259,2026-06-18T05:27:51.279Z,"{""id"": ""SocketKey_21295_id4cvu""}",,,2e387fd5-7e70-4548-b829-dfbebad1f0ed,Junior Accountant,
row3spbwjeyi,260,2026-06-18T05:27:54.216Z,"{""id"": ""SocketKey_21295_id4cvu""}",,,2e387fd5-7e70-4548-b829-dfbebad1f0ed,Junior Accountant,
rowoe6koo7vo,261,2026-06-18T05:27:57.239Z,"{""id"": ""SocketKey_21295_id4cvu""}",,,42b1cef9-ce4c-418d-a9a7-eced7eafb58c,Junior Account,
row1fox6a1g5,262,2026-06-18T05:28:00.273Z,"{""id"": ""SocketKey_21295_id4cvu""}",,,2e387fd5-7e70-4548-b829-dfbebad1f0ed,Junior Accountant,
rowivvaj8hym,263,2026-06-18T05:28:03.319Z,"{""id"": ""SocketKey_21295_id4cvu""}",,,4ec2d253-e8c4-4eac-ab35-0ccd1483a5a8,accountant,
rowmsisojldu,264,2026-06-18T05:28:06.331Z,"{""id"": ""SocketKey_21295_id4cvu""}",,,2e387fd5-7e70-4548-b829-dfbebad1f0ed,Junior Accountant,
row9n6x5k0hi,265,2026-06-18T05:28:09.358Z,"{""id"": ""SocketKey_21295_id4cvu""}",,,2e387fd5-7e70-4548-b829-dfbebad1f0ed,Junior Accountant,
rowrpa6q2lxh,266,2026-06-18T05:28:12.430Z,"{""id"": ""SocketKey_21295_id4cvu""}",,,2e387fd5-7e70-4548-b829-dfbebad1f0ed,Junior Accountant,
rows0j0vfx1l,267,2026-06-18T05:28:15.415Z,"{""id"": ""SocketKey_21295_id4cvu""}",,,abac0375-6419-4f65-a993-962c9d829b54,Senior Accountant,
row3jb0ca4ll,268,2026-06-18T05:28:18.490Z,"{""id"": ""SocketKey_21295_id4cvu""}",,,2e387fd5-7e70-4548-b829-dfbebad1f0ed,Junior Accountant,
rowjnyg7bepu,269,2026-06-18T05:28:21.513Z,"{""id"": ""SocketKey_21295_id4cvu""}",,,aee8e9a0-2ff4-4b8d-a1d3-d0efe8a82d23,Sr. Accounts Associate,
row4qme0b87z,270,2026-06-18T05:28:24.724Z,"{""id"": ""SocketKey_21295_id4cvu""}",,,f8367fd2-e9d7-45ce-89ea-290a6eb8e7f3,Client communication,
rowdn6hjus7p,271,2026-06-18T05:28:27.697Z,"{""id"": ""SocketKey_21295_id4cvu""}",,,2e387fd5-7e70-4548-b829-dfbebad1f0ed,Junior Accountant,
rowco2i5nco1,272,2026-06-18T05:28:30.694Z,"{""id"": ""SocketKey_21295_id4cvu""}",,,2e387fd5-7e70-4548-b829-dfbebad1f0ed,Junior Accountant,
rowp9f6w7u1c,273,2026-06-18T05:28:33.706Z,"{""id"": ""SocketKey_21295_id4cvu""}",,,5c647e8a-1fd0-4fa7-9336-ddb5a61d74e6,Account executive,
rowjn52uqx2z,274,2026-06-18T05:28:36.648Z,"{""id"": ""SocketKey_21295_id4cvu""}",,,5c647e8a-1fd0-4fa7-9336-ddb5a61d74e6,Account executive,
rowxwxg3nvtc,275,2026-06-18T05:28:39.768Z,"{""id"": ""SocketKey_21295_id4cvu""}",,,2e387fd5-7e70-4548-b829-dfbebad1f0ed,Junior Accountant,
row356u4rsq4,276,2026-06-18T05:28:42.713Z,"{""id"": ""SocketKey_21295_id4cvu""}",,,2d571ccd-ed78-4714-bba5-987d724b57ae,Sales Executives,
row2ee5w0z0i,277,2026-06-18T05:28:45.818Z,"{""id"": ""SocketKey_21295_id4cvu""}",,,5c647e8a-1fd0-4fa7-9336-ddb5a61d74e6,Account executive,
rowpn5l45pfi,278,2026-06-18T05:28:48.825Z,"{""id"": ""SocketKey_21295_id4cvu""}",,,4ec2d253-e8c4-4eac-ab35-0ccd1483a5a8,accountant,
rowehrlxstua,279,2026-06-18T05:28:51.900Z,"{""id"": ""SocketKey_21295_id4cvu""}",,,5c647e8a-1fd0-4fa7-9336-ddb5a61d74e6,Account executive,
row8i61uy799,280,2026-06-18T05:28:54.806Z,"{""id"": ""SocketKey_21295_id4cvu""}",,,2e387fd5-7e70-4548-b829-dfbebad1f0ed,Junior Accountant,
rowztn5se89a,281,2026-06-18T05:28:58.080Z,"{""id"": ""SocketKey_21295_id4cvu""}",,,d84c01c3-eb23-4d46-9ee5-4fcd67bc97bb,Junior developer,
rowdtucau2lk,282,2026-06-18T05:29:00.911Z,"{""id"": ""SocketKey_21295_id4cvu""}",,,53331c87-7085-478b-9169-32c4c1675814,ACCOUNTS EXECUTIVE,
rowuu30bhb8d,283,2026-06-18T05:29:03.912Z,"{""id"": ""SocketKey_21295_id4cvu""}",,,53331c87-7085-478b-9169-32c4c1675814,ACCOUNTS EXECUTIVE,
rowwjoj1h8iv,284,2026-06-18T05:29:06.935Z,"{""id"": ""SocketKey_21295_id4cvu""}",,,c59eeb6f-dac2-4bf4-a08f-7bfff38d7818,Senior Accountant Executive,
rowm0tjr69ia,285,2026-06-18T05:29:09.951Z,"{""id"": ""SocketKey_21295_id4cvu""}",,,2e387fd5-7e70-4548-b829-dfbebad1f0ed,Junior Accountant,
row7h0yuy703,286,2026-06-18T05:29:12.992Z,"{""id"": ""SocketKey_21295_id4cvu""}",,,5c647e8a-1fd0-4fa7-9336-ddb5a61d74e6,Account executive,
rowl82pdj40i,287,2026-06-18T05:29:16.017Z,"{""id"": ""SocketKey_21295_id4cvu""}",,,de6a425c-6340-4266-8806-5c48e4037d76,Senior Accounts Executive,
row942gz6l04,288,2026-06-18T05:29:19.083Z,"{""id"": ""SocketKey_21295_id4cvu""}",,,eeaf0334-25f7-4ab4-9423-3aeceecd6730,Bookkeeping,
row0vat1kwlc,289,2026-06-18T05:29:22.118Z,"{""id"": ""SocketKey_21295_id4cvu""}",,,2e387fd5-7e70-4548-b829-dfbebad1f0ed,Junior Accountant,
row6rmghrj2j,290,2026-06-18T05:29:25.154Z,"{""id"": ""SocketKey_21295_id4cvu""}",,,2e387fd5-7e70-4548-b829-dfbebad1f0ed,Junior Accountant,
rowu2vqr2yog,291,2026-06-18T05:29:28.197Z,"{""id"": ""SocketKey_21295_id4cvu""}",,,0359bc8e-cf97-4c5d-8049-862497e57990,Team lead,
