rowid,autonumber,createdat,createdby,updatedat,updatedby,keka_id,employment_status,account_status,invitation_status,is_private,is_profile_complete,joining_date,probation_end_date,in_probation,resignation_submitted_date,exit_date,exit_status,exit_type,exit_reason,total_experience_days,updated_at
rowt7u8e4g0w,6,2026-06-18T06:26:49.922Z,"{""id"": ""SocketKey_21295_id4cvu""}",,,f131410e-74dc-4648-b594-83443ae10021,0,1,1,false,false,2026-05-25T00:00:00Z,2026-05-31T00:00:00Z,false,null,null,0,0,null,24,
rowooazbemmz,7,2026-06-18T06:26:50.404Z,"{""id"": ""SocketKey_21295_id4cvu""}",,,f26e1582-6c0a-40e3-a085-0108cb1c70aa,0,1,1,false,false,2026-02-01T00:00:00Z,2026-02-15T00:00:00Z,false,null,null,0,0,null,137,
rowhkaaz0ktx,8,2026-06-18T06:26:51.658Z,"{""id"": ""SocketKey_21295_id4cvu""}",,,6a875a23-9a52-4c76-b4a7-eaac75a22f46,0,1,1,false,false,2026-05-01T00:00:00Z,2026-05-24T00:00:00Z,false,null,null,0,0,null,48,
rowj8qehgfuy,9,2026-06-18T06:26:53.912Z,"{""id"": ""SocketKey_21295_id4cvu""}",,,06380524-742f-4169-b6ed-8ad5c87ed11b,0,1,1,false,false,2026-05-01T00:00:00Z,2026-05-31T00:00:00Z,false,null,null,0,0,null,48,
rowvendqqlmt,10,2026-06-18T06:26:56.900Z,"{""id"": ""SocketKey_21295_id4cvu""}",,,0e8fa4c1-d04d-4484-a0e3-5e9a9a384757,0,1,1,false,false,2026-06-01T00:00:00Z,2026-06-02T00:00:00Z,false,null,null,0,0,null,17,
rowrnfprwnfj,11,2026-06-18T06:26:59.922Z,"{""id"": ""SocketKey_21295_id4cvu""}",,,b2ca7e13-bc7d-4d60-bf8d-fa60b067b940,1,1,1,false,false,2024-01-22T00:00:00Z,2024-07-22T00:00:00Z,false,2026-03-12T12:33:34.62Z,2026-03-01T00:00:00Z,2,2,Medical Condition,878,
rowd2l9zvz67,12,2026-06-18T06:27:02.929Z,"{""id"": ""SocketKey_21295_id4cvu""}",,,88401aaa-0f30-46b7-ad51-eace859bdb9c,1,1,1,false,false,2023-11-06T00:00:00Z,2023-12-11T00:00:00Z,false,2026-05-11T02:00:05.633Z,2026-05-01T00:00:00Z,2,2,Medical Condition,955,
rowey067ds1l,13,2026-06-18T06:27:05.933Z,"{""id"": ""SocketKey_21295_id4cvu""}",,,62177c61-4a97-4e98-843d-a7e7b1617161,1,1,1,false,false,2022-01-26T00:00:00Z,2022-07-26T00:00:00Z,false,2025-12-10T08:58:10.473Z,2025-12-01T00:00:00Z,2,2,Medical Condition,1604,
rowkq7gs9nep,14,2026-06-18T06:27:09.141Z,"{""id"": ""SocketKey_21295_id4cvu""}",,,c9b58a0b-71d5-4f9f-ab44-536cf413a057,1,1,1,false,false,2024-04-03T00:00:00Z,2024-10-03T00:00:00Z,false,2025-07-06T03:03:29.593Z,2025-07-01T00:00:00Z,2,2,Medical Condition,806,
row2ugij45ef,15,2026-06-18T06:27:12.161Z,"{""id"": ""SocketKey_21295_id4cvu""}",,,89fcd7b4-fc06-4806-9b37-a42a9f2fca2b,0,1,1,false,false,2024-04-08T00:00:00Z,2024-10-08T00:00:00Z,false,null,null,0,0,null,801,
rowgi0kmofru,16,2026-06-18T06:27:15.148Z,"{""id"": ""SocketKey_21295_id4cvu""}",,,20cbb226-b78e-44c0-8e1d-63be800a3be1,1,0,1,false,false,2024-04-01T00:00:00Z,2024-10-10T00:00:00Z,false,2024-10-10T12:06:00.083Z,2024-08-30T00:00:00Z,2,2,Performance Issue,808,
row35bcap4kw,17,2026-06-18T06:27:18.195Z,"{""id"": ""SocketKey_21295_id4cvu""}",,,10ec8902-9341-4151-9e4d-b054ac9d122e,1,0,1,false,false,2024-04-01T00:00:00Z,2024-10-12T00:00:00Z,true,2024-06-29T11:20:18.68Z,2024-05-01T00:00:00Z,2,2,Performance Issue,808,
row5ujdwenu7,18,2026-06-18T06:27:21.151Z,"{""id"": ""SocketKey_21295_id4cvu""}",,,1e5bff18-2372-4b75-9efb-1b284125ff5b,1,0,1,false,false,2024-04-13T00:00:00Z,2024-10-13T00:00:00Z,true,2024-10-10T10:46:09.19Z,2024-09-04T00:00:00Z,2,2,Performance Issue,796,
rowqxx4jl79l,19,2026-06-18T06:27:24.175Z,"{""id"": ""SocketKey_21295_id4cvu""}",,,3c1a94d7-21a7-47bf-b9ed-4251099667e0,0,1,1,false,false,2024-04-15T00:00:00Z,2024-10-15T00:00:00Z,false,null,null,0,0,null,794,
rowava0khbcg,20,2026-06-18T06:27:27.141Z,"{""id"": ""SocketKey_21295_id4cvu""}",,,7afc2b48-cffb-4aa4-a543-30fa7e4e2640,1,0,1,false,false,2024-04-01T00:00:00Z,2024-10-24T00:00:00Z,true,2024-06-29T11:21:13.453Z,2024-05-31T00:00:00Z,2,2,Performance Issue,808,
rownhj7qsih8,21,2026-06-18T06:27:30.395Z,"{""id"": ""SocketKey_21295_id4cvu""}",,,974192d8-e4f7-41e5-ab15-e86f56fc5189,1,1,1,false,false,2024-04-22T00:00:00Z,2024-10-22T00:00:00Z,false,2025-06-09T09:35:38.607Z,2025-05-01T00:00:00Z,2,2,Medical Condition,787,
rowqf74qdp3e,22,2026-06-18T06:27:33.200Z,"{""id"": ""SocketKey_21295_id4cvu""}",,,2dbe26e1-930e-4bb2-85e8-1fc4c506412c,1,1,1,false,false,2024-11-01T00:00:00Z,2024-11-30T00:00:00Z,false,2024-12-18T08:50:12.617Z,2024-12-01T00:00:00Z,2,2,Misconduct,594,
rowby6wlyai8,23,2026-06-18T06:27:36.393Z,"{""id"": ""SocketKey_21295_id4cvu""}",,,56ef5f4b-3fe6-4932-a0d1-918c8d44983e,0,1,1,false,false,2023-10-27T00:00:00Z,2024-04-27T00:00:00Z,false,null,null,0,0,null,965,
rowu26os1lno,24,2026-06-18T06:27:39.392Z,"{""id"": ""SocketKey_21295_id4cvu""}",,,5e5569fa-e5c3-4415-93b3-0ce52fe34c1e,1,1,1,false,false,2024-04-24T00:00:00Z,2024-10-24T00:00:00Z,true,2024-07-23T07:37:31.343Z,2024-06-30T00:00:00Z,2,2,Performance Issue,785,
row1yr17elu7,25,2026-06-18T06:27:42.395Z,"{""id"": ""SocketKey_21295_id4cvu""}",,,6ddf5bd9-5cd3-4f9e-8c61-f4001a15e21a,0,0,1,false,false,2021-01-01T00:00:00Z,2021-07-01T00:00:00Z,false,null,null,0,0,null,1994,
rowk0npdz2ee,26,2026-06-18T06:27:45.329Z,"{""id"": ""SocketKey_21295_id4cvu""}",,,00abafad-7d38-4c54-937a-9dfb18b6694f,0,1,1,false,false,2013-06-22T00:00:00Z,2013-12-22T00:00:00Z,false,null,null,0,0,null,4744,
row6xpl8h7sc,27,2026-06-18T06:27:48.366Z,"{""id"": ""SocketKey_21295_id4cvu""}",,,0c1d4647-1631-4d3d-9f87-96e4c771fe78,1,0,0,false,false,2024-03-01T00:00:00Z,2024-10-01T00:00:00Z,false,2024-08-07T12:04:34.843Z,2024-06-10T00:00:00Z,2,2,Medical Condition,839,
row56ei14c08,28,2026-06-18T06:27:51.393Z,"{""id"": ""SocketKey_21295_id4cvu""}",,,7f03b875-b979-4553-b2bd-52205c2adbb0,1,0,0,false,false,2024-04-05T00:00:00Z,2024-10-05T00:00:00Z,false,2024-08-07T12:05:22.113Z,2024-06-26T00:00:00Z,2,2,Medical Condition,804,
rowri1svsv4y,29,2026-06-18T06:27:54.403Z,"{""id"": ""SocketKey_21295_id4cvu""}",,,e07373cd-b5e8-4ce8-8459-f26e550bfbe6,0,1,1,false,false,2024-05-01T00:00:00Z,2024-11-01T00:00:00Z,false,null,null,0,0,null,778,
rowjjgrlre9k,30,2026-06-18T06:27:57.497Z,"{""id"": ""SocketKey_21295_id4cvu""}",,,dbdba656-030c-4c8d-bfcc-0d94e325befb,1,1,1,false,false,2024-05-01T00:00:00Z,2024-11-04T00:00:00Z,false,2025-08-12T07:41:01.877Z,2025-07-01T00:00:00Z,2,2,Medical Condition,778,
rowveyvl2l2j,31,2026-06-18T06:28:00.499Z,"{""id"": ""SocketKey_21295_id4cvu""}",,,10a3c7b9-a02a-4500-a513-3e6d1c074188,1,0,0,false,false,2024-05-01T00:00:00Z,2024-11-04T00:00:00Z,true,2024-07-23T06:22:48.433Z,2024-06-30T00:00:00Z,2,2,Performance Issue,778,
rowvlw5mpote,32,2026-06-18T06:28:03.549Z,"{""id"": ""SocketKey_21295_id4cvu""}",,,9cf23354-5042-4639-ab9e-be7ac3e760cc,1,1,1,false,false,2023-12-05T00:00:00Z,2024-04-19T00:00:00Z,false,2026-03-12T12:32:00.87Z,2026-02-01T00:00:00Z,2,2,Medical Condition,926,
rowawwd4c0bj,33,2026-06-18T06:28:06.606Z,"{""id"": ""SocketKey_21295_id4cvu""}",,,bebb7aa4-93e4-4408-ae24-f89c4cbc4b06,0,1,1,false,false,2024-05-01T00:00:00Z,2024-11-08T00:00:00Z,false,null,null,0,0,null,778,
row4akzbeupl,34,2026-06-18T06:28:09.618Z,"{""id"": ""SocketKey_21295_id4cvu""}",,,7b0350e2-21ec-45ca-a7bc-539d4c9c829c,1,1,1,false,false,2024-05-01T00:00:00Z,2024-11-14T00:00:00Z,false,2025-11-08T06:47:29.21Z,2025-11-01T00:00:00Z,2,2,Absconding,778,
rowrg4qmw8k2,35,2026-06-18T06:28:12.614Z,"{""id"": ""SocketKey_21295_id4cvu""}",,,ad126374-bfc4-4342-9ba9-5e0aa4ee391d,1,0,0,false,false,2024-05-01T00:00:00Z,2024-11-11T00:00:00Z,true,2024-07-23T06:28:59.157Z,2024-06-30T00:00:00Z,2,2,Performance Issue,778,
row1i25we0aq,36,2026-06-18T06:28:15.660Z,"{""id"": ""SocketKey_21295_id4cvu""}",,,104d8378-1580-4bec-b66f-e5f5de62ef08,1,1,1,false,false,2024-05-01T00:00:00Z,2024-11-17T00:00:00Z,false,2025-02-13T09:05:45.86Z,2025-01-01T00:00:00Z,2,2,Misconduct,778,
rowfntjdqlhe,37,2026-06-18T06:28:18.639Z,"{""id"": ""SocketKey_21295_id4cvu""}",,,9da797c6-ad11-48b5-acc4-89341c984deb,1,1,1,false,false,2024-05-01T00:00:00Z,2024-11-20T00:00:00Z,false,2025-07-06T03:04:17.98Z,2025-07-01T00:00:00Z,2,2,Medical Condition,778,
row88rf67rzd,38,2026-06-18T06:28:21.671Z,"{""id"": ""SocketKey_21295_id4cvu""}",,,fb2894f2-b53f-4e0e-a527-e13cdd445f45,1,1,1,false,false,2024-05-01T00:00:00Z,2024-11-22T00:00:00Z,false,2025-08-12T07:41:41.477Z,2025-08-01T00:00:00Z,2,2,Medical Condition,778,
rowkeqbxb5aq,39,2026-06-18T06:28:24.702Z,"{""id"": ""SocketKey_21295_id4cvu""}",,,4cddba4c-b126-4bc3-9435-9a42d5ff6891,0,1,1,false,false,2024-05-01T00:00:00Z,2024-11-16T00:00:00Z,false,null,null,0,0,null,778,
row7pag8vmdc,40,2026-06-18T06:28:27.761Z,"{""id"": ""SocketKey_21295_id4cvu""}",,,b1788da0-8002-42cb-98ba-39a2db7cb5f5,1,1,1,false,false,2024-05-01T00:00:00Z,2024-11-07T00:00:00Z,false,2025-07-06T03:05:15.56Z,2025-06-01T00:00:00Z,2,2,Medical Condition,778,
rowyja9unta4,41,2026-06-18T06:28:30.767Z,"{""id"": ""SocketKey_21295_id4cvu""}",,,020eaac9-f343-4e64-94ce-6fe1ef1b31a7,1,1,1,false,false,2024-05-01T00:00:00Z,2024-11-07T00:00:00Z,true,2024-11-06T06:51:04.137Z,2024-10-14T00:00:00Z,2,2,Medical Condition,778,
rowuwadn3ocf,42,2026-06-18T06:28:33.788Z,"{""id"": ""SocketKey_21295_id4cvu""}",,,62759d33-6ffd-4954-a0ab-b0143befe3c4,1,1,1,false,false,2024-06-01T00:00:00Z,2025-01-01T00:00:00Z,true,2024-10-22T11:18:07.733Z,2024-09-30T00:00:00Z,2,2,Medical Condition,747,
rowkc05sya8a,43,2026-06-18T06:28:36.849Z,"{""id"": ""SocketKey_21295_id4cvu""}",,,e9f7c0e2-debe-4526-a88a-f2609c6fa46d,1,1,1,false,false,2023-10-16T00:00:00Z,2024-04-16T00:00:00Z,false,2024-11-06T06:49:21.863Z,2024-10-16T00:00:00Z,2,2,Medical Condition,976,
rowyim19huk5,44,2026-06-18T06:28:39.859Z,"{""id"": ""SocketKey_21295_id4cvu""}",,,39be1905-4d8d-44a4-9901-b06dc592b809,0,1,1,false,false,2024-06-01T00:00:00Z,2024-12-01T00:00:00Z,false,null,null,0,0,null,747,
rowdlfnq8nxr,45,2026-06-18T06:28:42.894Z,"{""id"": ""SocketKey_21295_id4cvu""}",,,dc119b8f-fce9-4ef6-9b35-7a314d53edf0,1,1,1,false,false,2024-06-01T00:00:00Z,2024-12-01T00:00:00Z,false,2026-02-14T09:46:41.883Z,2026-02-01T00:00:00Z,2,2,Medical Condition,747,
rowdta7kpkq5,46,2026-06-18T06:28:45.924Z,"{""id"": ""SocketKey_21295_id4cvu""}",,,3afe59f3-30ad-429b-88b2-832a3e8eabba,1,1,1,false,false,2024-06-01T00:00:00Z,2024-12-01T00:00:00Z,true,2024-10-10T10:47:02.733Z,2024-09-22T00:00:00Z,2,2,Performance Issue,747,
rowttdifxd8q,47,2026-06-18T06:28:48.994Z,"{""id"": ""SocketKey_21295_id4cvu""}",,,22da8fa9-b8f0-467c-8dc8-8ddd31de84fc,1,1,1,false,false,2024-06-01T00:00:00Z,2024-12-01T00:00:00Z,false,2025-03-07T10:54:39.183Z,2025-03-01T00:00:00Z,2,2,Performance Issue,747,
rowh1590nvaq,48,2026-06-18T06:28:52.017Z,"{""id"": ""SocketKey_21295_id4cvu""}",,,2d0bbfc1-fe80-44f6-a494-0ea256b84ad7,1,1,1,false,false,2024-06-01T00:00:00Z,2024-11-01T00:00:00Z,false,2026-01-07T09:18:47.9Z,2026-01-01T00:00:00Z,2,2,Absconding,747,
rowyjvi6tmqi,49,2026-06-18T06:28:55.145Z,"{""id"": ""SocketKey_21295_id4cvu""}",,,e80d1ec6-1236-422d-b2b0-68457e0e05a9,0,1,1,false,false,2024-06-01T00:00:00Z,2024-12-01T00:00:00Z,false,null,null,0,0,null,747,
roweyq46o4ar,50,2026-06-18T06:28:58.069Z,"{""id"": ""SocketKey_21295_id4cvu""}",,,fa59cbe7-6309-43a9-bc10-6b2c5cc951e9,1,1,1,false,false,2024-06-01T00:00:00Z,2024-12-01T00:00:00Z,false,2026-01-07T09:11:56.17Z,2026-01-01T00:00:00Z,2,2,Absconding,747,
rowun02l248q,51,2026-06-18T06:29:01.116Z,"{""id"": ""SocketKey_21295_id4cvu""}",,,e9b46ba3-8b63-4e06-8945-106362bb9b65,1,0,0,false,false,2024-07-01T00:00:00Z,2025-01-01T00:00:00Z,true,2024-10-10T11:27:38.363Z,2024-09-04T00:00:00Z,2,2,Performance Issue,717,
rowhm72luwm8,52,2026-06-18T06:29:04.096Z,"{""id"": ""SocketKey_21295_id4cvu""}",,,e3dba1c0-3ae1-4919-9398-0faa97557b12,0,1,1,false,false,2024-07-01T00:00:00Z,2025-01-01T00:00:00Z,false,null,null,0,0,null,717,
rowz6eqwmka1,53,2026-06-18T06:29:07.129Z,"{""id"": ""SocketKey_21295_id4cvu""}",,,a4cdf9d6-f3e8-413a-a3c7-370e49827a1e,1,1,1,false,false,2024-07-01T00:00:00Z,2025-01-01T00:00:00Z,false,2025-03-07T10:53:52.657Z,2025-03-01T00:00:00Z,2,2,Performance Issue,717,
rowir3ujs0t2,54,2026-06-18T06:29:10.368Z,"{""id"": ""SocketKey_21295_id4cvu""}",,,9481b11a-c15e-4638-9047-9b9685d15b17,1,0,1,false,false,2023-10-16T00:00:00Z,2024-04-16T00:00:00Z,false,2024-05-29T12:45:47.66Z,2024-05-15T00:00:00Z,2,1,Relocating,976,
rowuw9xxn681,55,2026-06-18T06:29:13.189Z,"{""id"": ""SocketKey_21295_id4cvu""}",,,f460e2f4-b58b-4d46-b3d8-8adb571563ed,1,0,0,false,false,2024-07-01T00:00:00Z,2025-01-01T00:00:00Z,true,2024-10-10T11:28:26.08Z,2024-09-27T00:00:00Z,2,2,Medical Condition,717,
rowarfe0607n,56,2026-06-18T06:29:16.304Z,"{""id"": ""SocketKey_21295_id4cvu""}",,,25765acf-bb49-4ed1-9f6f-2418951dfe84,1,1,1,false,false,2024-07-01T00:00:00Z,2025-01-01T00:00:00Z,false,2026-04-15T11:06:50.697Z,2026-04-01T00:00:00Z,2,2,Medical Condition,717,
rowg407eok3u,57,2026-06-18T06:29:19.294Z,"{""id"": ""SocketKey_21295_id4cvu""}",,,92c1967f-75b9-43c4-ac89-19a00145d4c6,1,1,1,false,false,2024-08-01T00:00:00Z,2025-01-25T00:00:00Z,false,2026-06-12T05:51:01.55Z,2026-06-01T00:00:00Z,2,2,Medical Condition,686,
rowxh80jz9fb,58,2026-06-18T06:29:22.302Z,"{""id"": ""SocketKey_21295_id4cvu""}",,,994270a5-59eb-4742-9b38-ba54c2ab69ae,1,1,1,false,false,2024-08-01T00:00:00Z,2025-01-31T00:00:00Z,false,2026-06-12T05:52:18.85Z,2026-06-01T00:00:00Z,2,2,Medical Condition,686,
rown8od7zh5a,59,2026-06-18T06:29:25.298Z,"{""id"": ""SocketKey_21295_id4cvu""}",,,91d776ce-88ab-406d-b862-b831f75c1076,1,1,1,false,false,2024-08-21T00:00:00Z,2025-02-20T00:00:00Z,false,2025-07-06T03:05:56.413Z,2025-07-01T00:00:00Z,2,2,Medical Condition,666,
row0beaxzp4e,60,2026-06-18T06:29:28.399Z,"{""id"": ""SocketKey_21295_id4cvu""}",,,4ad00720-2e5f-4b49-a98f-98d18033a499,1,1,1,false,false,2024-08-09T00:00:00Z,2025-02-08T00:00:00Z,true,2024-12-18T08:04:40.733Z,2024-11-01T00:00:00Z,2,2,Performance Issue,678,
row2qpouc2o6,61,2026-06-18T06:29:31.400Z,"{""id"": ""SocketKey_21295_id4cvu""}",,,f03f12fd-648f-4748-ba0d-fe111484d3d2,1,1,1,false,false,2024-09-01T00:00:00Z,2024-11-01T00:00:00Z,false,2025-09-17T12:07:51.7Z,2025-10-01T00:00:00Z,2,2,Absconding,655,
rowg7jvwvb69,62,2026-06-18T06:29:34.391Z,"{""id"": ""SocketKey_21295_id4cvu""}",,,a9c828f5-7861-472b-bace-0e1c8896f63b,1,1,1,false,false,2024-09-01T00:00:00Z,2025-03-12T00:00:00Z,true,2025-02-13T09:09:13.787Z,2025-02-01T00:00:00Z,2,2,Performance Issue,655,
rownhra9s9bi,63,2026-06-18T06:29:37.454Z,"{""id"": ""SocketKey_21295_id4cvu""}",,,850fb008-93c7-4f35-8301-e88c992d5592,0,1,1,false,false,2024-09-02T00:00:00Z,2024-12-01T00:00:00Z,false,null,null,0,0,null,654,
rowrg45q45zi,64,2026-06-18T06:29:40.482Z,"{""id"": ""SocketKey_21295_id4cvu""}",,,791f9b23-68e5-4d70-ba11-437fd4ecdd3d,1,1,1,false,false,2024-09-02T00:00:00Z,2024-11-30T00:00:00Z,false,2026-06-12T05:51:33.363Z,2026-06-01T00:00:00Z,2,2,Medical Condition,654,
rowrima88d4q,65,2026-06-18T06:29:43.508Z,"{""id"": ""SocketKey_21295_id4cvu""}",,,b6917f64-40ba-4435-9930-badb673e068f,1,1,1,false,false,2024-11-01T00:00:00Z,2024-11-30T00:00:00Z,false,2024-12-18T08:54:21.973Z,2024-12-01T00:00:00Z,2,2,Misconduct,594,
rowihrsxvp66,66,2026-06-18T06:29:46.516Z,"{""id"": ""SocketKey_21295_id4cvu""}",,,8fa5fe64-b304-4b9c-9f26-a4376dedae1c,1,1,1,false,false,2024-09-01T00:00:00Z,2025-03-08T00:00:00Z,false,2025-12-10T08:56:30.627Z,2025-12-01T00:00:00Z,2,2,Performance Issue,655,
rowebfry9brr,67,2026-06-18T06:29:49.544Z,"{""id"": ""SocketKey_21295_id4cvu""}",,,eda8ef1d-5f9d-431a-8331-4d2b94dcd486,1,1,1,false,false,2024-09-01T00:00:00Z,2024-12-10T00:00:00Z,false,2025-02-13T09:10:34.62Z,2025-02-01T00:00:00Z,2,2,Performance Issue,655,
rowpxe4mc2pc,68,2026-06-18T06:29:52.673Z,"{""id"": ""SocketKey_21295_id4cvu""}",,,14c93c3e-9c7a-4f85-a4e1-16011deddd74,0,1,1,false,false,2024-09-01T00:00:00Z,2025-03-10T00:00:00Z,false,null,null,0,0,null,655,
rowojhpe7ddi,69,2026-06-18T06:29:55.603Z,"{""id"": ""SocketKey_21295_id4cvu""}",,,432e7af2-928d-4698-bf02-d5b6639868d5,1,1,1,false,false,2024-09-01T00:00:00Z,2025-03-04T00:00:00Z,true,2025-02-13T09:06:44.937Z,2025-01-01T00:00:00Z,2,2,Misconduct,655,
roweohf97aig,70,2026-06-18T06:29:58.637Z,"{""id"": ""SocketKey_21295_id4cvu""}",,,2eea4304-03e1-462d-a1b5-c14e68d62640,1,1,1,false,false,2024-10-01T00:00:00Z,2025-02-01T00:00:00Z,false,2025-05-15T11:49:31.68Z,2025-05-01T00:00:00Z,2,2,Performance Issue,625,
rowjzpd9l810,71,2026-06-18T06:30:01.734Z,"{""id"": ""SocketKey_21295_id4cvu""}",,,ba648063-8894-4c14-83a5-b1e98153b514,0,1,1,false,false,2012-01-02T00:00:00Z,2012-07-01T00:00:00Z,false,null,null,0,0,null,5281,
rowan8c0w431,72,2026-06-18T06:30:04.801Z,"{""id"": ""SocketKey_21295_id4cvu""}",,,3f4e9eea-39ae-41c8-bf41-a6c11cfe34ad,1,1,1,false,false,2024-10-01T00:00:00Z,2025-03-01T00:00:00Z,false,2025-12-10T08:54:52.347Z,2025-12-01T00:00:00Z,2,2,Absconding,625,
rowkcjupii1k,73,2026-06-18T06:31:42.248Z,"{""id"": ""SocketKey_21295_id4cvu""}",,,7ba8e476-4af1-4f2c-b458-5d28dbe240cb,0,1,1,false,false,2024-10-01T00:00:00Z,2025-04-13T00:00:00Z,false,null,null,0,0,null,625,
rowgquf6vexl,74,2026-06-18T06:31:43.384Z,"{""id"": ""SocketKey_21295_id4cvu""}",,,1279587c-3d0b-4896-8bea-28a71b12272b,1,1,1,false,false,2024-10-01T00:00:00Z,2025-01-01T00:00:00Z,false,2026-04-15T11:05:26.543Z,2026-04-01T00:00:00Z,2,2,Medical Condition,625,
rowsk2suemrr,75,2026-06-18T06:31:44.292Z,"{""id"": ""SocketKey_21295_id4cvu""}",,,8c069606-39da-44fe-9b26-1d3e080906df,1,1,1,false,false,2024-10-01T00:00:00Z,2025-04-17T00:00:00Z,true,2025-03-07T10:53:08.567Z,2025-03-01T00:00:00Z,2,2,Medical Condition,625,
row29h6ydt75,76,2026-06-18T06:31:44.792Z,"{""id"": ""SocketKey_21295_id4cvu""}",,,6d540bca-90ff-43a3-a428-581a15c66903,1,1,1,false,false,2023-09-26T00:00:00Z,2024-03-26T00:00:00Z,false,2024-10-10T10:45:07.647Z,2024-09-10T00:00:00Z,2,2,Medical Condition,996,
rowpspzyosbt,77,2026-06-18T06:31:45.216Z,"{""id"": ""SocketKey_21295_id4cvu""}",,,e19417d6-e534-4ae2-bc28-dbbcd3db54f4,1,0,1,false,false,2024-10-10T00:00:00Z,2025-04-09T00:00:00Z,false,2025-12-11T09:27:30.007Z,2025-11-01T00:00:00Z,2,2,Absconding,616,
row92ry8yahk,78,2026-06-18T06:31:45.497Z,"{""id"": ""SocketKey_21295_id4cvu""}",,,c1148f3c-86d0-4049-ac7c-9c00c618748b,0,1,1,false,false,2024-11-12T00:00:00Z,2024-11-19T00:00:00Z,false,null,null,0,0,null,583,
rowutfh6oa7c,79,2026-06-18T06:31:45.608Z,"{""id"": ""SocketKey_21295_id4cvu""}",,,9c5178ac-56ed-4736-b7d1-0f784dc40227,1,1,1,false,false,2024-11-14T00:00:00Z,2024-11-21T00:00:00Z,false,2026-05-09T11:45:54.14Z,2026-05-01T00:00:00Z,2,2,Medical Condition,581,
rowtich378l9,80,2026-06-18T06:31:46.081Z,"{""id"": ""SocketKey_21295_id4cvu""}",,,dbe957ea-b4cd-4b9e-832d-380380b9d85b,1,1,1,false,false,2024-11-11T00:00:00Z,2024-11-18T00:00:00Z,false,2026-05-09T11:43:01.657Z,2026-05-01T00:00:00Z,2,2,Medical Condition,584,
row2j7yp3glk,81,2026-06-18T06:31:46.501Z,"{""id"": ""SocketKey_21295_id4cvu""}",,,45383ecc-0a87-4009-962d-44408f2c3742,1,1,1,false,false,2024-11-13T00:00:00Z,2024-11-19T00:00:00Z,false,2025-02-13T09:07:32.197Z,2025-01-01T00:00:00Z,2,2,Medical Condition,582,
rowbhr2mzcmo,82,2026-06-18T06:31:48.844Z,"{""id"": ""SocketKey_21295_id4cvu""}",,,38dadfea-4929-47a6-a1dc-280c39df777e,1,1,1,false,false,2024-12-01T00:00:00Z,2024-12-09T00:00:00Z,false,2025-07-06T03:06:36.253Z,2025-07-01T00:00:00Z,2,2,Medical Condition,564,
rows3fdkxgq1,83,2026-06-18T06:31:48.946Z,"{""id"": ""SocketKey_21295_id4cvu""}",,,2c0bf625-be6a-4b89-936f-1dd917c5b0f8,0,1,1,false,false,2024-11-22T00:00:00Z,2024-11-28T00:00:00Z,false,null,null,0,0,null,573,
rowx0re0j02h,84,2026-06-18T06:31:49.192Z,"{""id"": ""SocketKey_21295_id4cvu""}",,,8cd30343-5b76-4a00-8a61-f686947de030,0,1,1,false,false,2024-11-16T00:00:00Z,2024-12-01T00:00:00Z,false,null,null,0,0,null,579,
row1omwzj67g,85,2026-06-18T06:31:49.200Z,"{""id"": ""SocketKey_21295_id4cvu""}",,,2046c59f-b6cd-408a-889f-c74fc606d225,1,1,1,false,false,2024-11-11T00:00:00Z,2024-11-18T00:00:00Z,false,2025-01-06T10:34:09.29Z,2025-01-01T00:00:00Z,2,2,Medical Condition,584,
rowylwmxgfmv,86,2026-06-18T06:31:49.708Z,"{""id"": ""SocketKey_21295_id4cvu""}",,,ab15a741-813d-41ec-b01e-3b8c673d89fc,1,1,1,false,false,2024-12-01T00:00:00Z,2024-12-08T00:00:00Z,false,2025-11-08T06:49:54.613Z,2025-10-01T00:00:00Z,2,2,Performance Issue,564,
rowzxkoiudju,87,2026-06-18T06:31:49.951Z,"{""id"": ""SocketKey_21295_id4cvu""}",,,494271c8-204e-4273-a090-f7daa5b1e33e,1,0,1,false,false,2023-09-25T00:00:00Z,2024-03-25T00:00:00Z,false,2024-05-30T07:47:28Z,2024-05-25T00:00:00Z,2,2,Performance Issue,997,
rowx8wusdv9b,88,2026-06-18T06:31:50.208Z,"{""id"": ""SocketKey_21295_id4cvu""}",,,89389c8e-2714-4c08-96a0-22fa079dc221,1,1,1,false,false,2024-12-01T00:00:00Z,2024-12-08T00:00:00Z,false,2025-07-06T03:07:14.997Z,2025-07-01T00:00:00Z,2,2,Medical Condition,564,
rowpns28xa1l,89,2026-06-18T06:31:51.707Z,"{""id"": ""SocketKey_21295_id4cvu""}",,,5830d54b-0819-410a-b9b5-a9902127d016,1,1,1,false,false,2024-12-01T00:00:00Z,2024-12-05T00:00:00Z,false,2025-06-09T09:34:29.103Z,2025-05-01T00:00:00Z,2,2,Medical Condition,564,
rowtlka2n8gp,90,2026-06-18T06:31:51.720Z,"{""id"": ""SocketKey_21295_id4cvu""}",,,d7a87248-94fe-466d-aa33-5cf2c90f48c2,0,1,1,false,false,2024-12-02T00:00:00Z,2024-12-08T00:00:00Z,false,null,null,0,0,null,563,
rowwu13x9ear,91,2026-06-18T06:31:51.985Z,"{""id"": ""SocketKey_21295_id4cvu""}",,,0c2aae2a-831c-45d2-beec-456885c0b586,0,1,1,false,false,2024-12-02T00:00:00Z,2024-12-08T00:00:00Z,false,null,null,0,0,null,563,
rowwf75ueqn6,92,2026-06-18T06:31:52.230Z,"{""id"": ""SocketKey_21295_id4cvu""}",,,e946887e-1adf-45bf-8dfc-59687fa57b69,1,1,1,false,false,2024-12-05T00:00:00Z,2024-12-11T00:00:00Z,false,2025-03-07T10:51:36.193Z,2025-03-01T00:00:00Z,2,2,Medical Condition,560,
row5u8cdfkk2,93,2026-06-18T06:31:53.456Z,"{""id"": ""SocketKey_21295_id4cvu""}",,,6ca10bb5-3000-471c-8b0c-c564d51bd38c,1,1,1,false,false,2024-12-05T00:00:00Z,2024-12-11T00:00:00Z,false,2025-05-15T11:53:03.913Z,2025-05-01T00:00:00Z,2,2,Absconding,560,
rowyu3g9on4h,94,2026-06-18T06:31:53.461Z,"{""id"": ""SocketKey_21295_id4cvu""}",,,70d2d433-21d9-4e7a-9df2-e749ca5c8e55,1,1,1,false,false,2024-12-04T00:00:00Z,2024-12-10T00:00:00Z,false,2025-05-15T11:52:23.423Z,2025-05-01T00:00:00Z,2,2,Absconding,561,
rowvexprowm5,95,2026-06-18T06:31:53.962Z,"{""id"": ""SocketKey_21295_id4cvu""}",,,1aba0c38-2d88-48d4-82a2-f53f080da857,0,1,1,false,false,2024-12-18T00:00:00Z,2024-12-24T00:00:00Z,false,null,null,0,0,null,547,
rowrh8xbajiq,96,2026-06-18T06:31:54.212Z,"{""id"": ""SocketKey_21295_id4cvu""}",,,f33b8daa-4ad8-4ca5-8e73-10bc48f6bbf2,1,1,1,false,false,2023-09-11T00:00:00Z,2024-05-09T00:00:00Z,false,2024-10-10T12:18:08.68Z,2024-09-15T00:00:00Z,2,2,Medical Condition,1011,
rowi9obw6ipf,97,2026-06-18T06:31:54.221Z,"{""id"": ""SocketKey_21295_id4cvu""}",,,3b45df67-7db0-4508-878c-14a817dc496f,1,1,1,false,false,2024-12-08T00:00:00Z,2024-12-15T00:00:00Z,false,2025-03-07T10:50:45.703Z,2025-03-01T00:00:00Z,2,2,Medical Condition,557,
rowhx9235gpy,98,2026-06-18T06:31:54.513Z,"{""id"": ""SocketKey_21295_id4cvu""}",,,37255dbc-3024-4e90-aaf9-0a82597b7326,1,1,1,false,false,2024-12-20T00:00:00Z,2024-12-26T00:00:00Z,false,2025-03-07T10:49:56.897Z,2025-02-01T00:00:00Z,2,2,Absconding,545,
row91okucz9n,99,2026-06-18T06:31:54.711Z,"{""id"": ""SocketKey_21295_id4cvu""}",,,f9a0eee5-6e92-4144-9b4a-9d0a923ae21e,1,1,1,false,false,2024-12-16T00:00:00Z,2024-12-22T00:00:00Z,false,2025-04-05T10:16:25.11Z,2025-03-01T00:00:00Z,2,2,Misconduct,549,
rowghcmcd2as,100,2026-06-18T06:31:54.721Z,"{""id"": ""SocketKey_21295_id4cvu""}",,,4f96028c-bc90-4a0c-bdc2-2fd423720595,1,1,1,false,false,2024-12-18T00:00:00Z,2024-12-24T00:00:00Z,false,2025-05-15T11:50:15.147Z,2025-05-01T00:00:00Z,2,2,Medical Condition,547,
rowfxezzaxss,101,2026-06-18T06:31:55.206Z,"{""id"": ""SocketKey_21295_id4cvu""}",,,c92f82ff-1d7b-49a0-9311-80b409ffb9cc,1,1,1,false,false,2024-12-23T00:00:00Z,2024-12-29T00:00:00Z,false,2025-04-05T10:13:49.857Z,2025-04-01T00:00:00Z,2,2,Performance Issue,542,
rowlj2c531bq,102,2026-06-18T06:31:55.748Z,"{""id"": ""SocketKey_21295_id4cvu""}",,,d2d0dc86-408f-4f87-b0a9-18d7f9a74e2a,1,1,1,false,false,2024-12-23T00:00:00Z,2024-12-29T00:00:00Z,false,2025-03-07T10:48:58.743Z,2025-02-01T00:00:00Z,2,2,Absconding,542,
row3lbwxvepe,103,2026-06-18T06:31:56.736Z,"{""id"": ""SocketKey_21295_id4cvu""}",,,38d86395-105f-454e-81d9-83abc8736bc1,0,1,1,false,false,2024-12-23T00:00:00Z,2024-12-29T00:00:00Z,false,null,null,0,0,null,542,
rowf9e4kf0ky,104,2026-06-18T06:31:57.229Z,"{""id"": ""SocketKey_21295_id4cvu""}",,,0e1adad5-98ed-4f5d-b2bd-13ba84302235,1,1,1,false,false,2024-12-23T00:00:00Z,2024-12-29T00:00:00Z,false,2025-03-07T10:48:02.413Z,2025-03-01T00:00:00Z,2,2,Medical Condition,542,
rowhdoa9f83j,105,2026-06-18T06:31:57.234Z,"{""id"": ""SocketKey_21295_id4cvu""}",,,28dc3544-a248-4e73-aabf-e1a04f63ee5f,1,1,1,false,false,2024-12-18T00:00:00Z,2024-12-24T00:00:00Z,false,2025-04-05T10:15:39.747Z,2025-03-01T00:00:00Z,2,2,Performance Issue,547,
row7fqnh3e29,106,2026-06-18T06:31:57.484Z,"{""id"": ""SocketKey_21295_id4cvu""}",,,fd6a17b8-3a52-4eab-a3d2-43eec0c132bf,1,1,1,false,false,2024-12-21T00:00:00Z,2024-12-27T00:00:00Z,false,2025-02-13T09:09:55.813Z,2025-02-01T00:00:00Z,2,2,Performance Issue,544,
row4ifov5n3u,107,2026-06-18T06:31:58.000Z,"{""id"": ""SocketKey_21295_id4cvu""}",,,ac10bbd8-11bb-4e61-8961-bad0b741aa11,1,1,1,false,false,2025-01-01T00:00:00Z,2025-01-07T00:00:00Z,false,2026-04-15T11:03:29.403Z,2026-04-01T00:00:00Z,2,2,Medical Condition,533,
row5xlv11u3s,108,2026-06-18T06:31:58.056Z,"{""id"": ""SocketKey_21295_id4cvu""}",,,09631b29-c371-42db-8cf9-b91ab228f058,1,1,1,false,false,2025-01-01T00:00:00Z,2025-01-07T00:00:00Z,false,2025-05-15T11:51:23.78Z,2025-05-01T00:00:00Z,2,2,Medical Condition,533,
rowzp9tgg8oa,109,2026-06-18T06:31:58.746Z,"{""id"": ""SocketKey_21295_id4cvu""}",,,ab8c4764-c7e6-46a1-b567-d4300fe96ac1,1,1,1,false,false,2023-09-11T00:00:00Z,2024-05-09T00:00:00Z,false,2024-07-16T11:20:48.207Z,2024-07-20T00:00:00Z,2,1,Personal Reasons,1011,
rowfocbup4n3,110,2026-06-18T06:32:02.202Z,"{""id"": ""SocketKey_21295_id4cvu""}",,,117b2aad-4289-40f4-8be7-7e6444d4b13a,1,1,1,false,false,2025-01-01T00:00:00Z,2025-01-08T00:00:00Z,false,2025-06-09T09:33:30.767Z,2025-06-01T00:00:00Z,2,2,Medical Condition,533,
row2vovvs81i,111,2026-06-18T06:32:08.477Z,"{""id"": ""SocketKey_21295_id4cvu""}",,,f158027c-608e-4942-80c7-af62c4879dac,1,1,1,false,false,2025-01-01T00:00:00Z,2025-01-07T00:00:00Z,false,2025-06-09T10:00:11.313Z,2025-06-01T00:00:00Z,2,2,Medical Condition,533,
row640o0p9fn,112,2026-06-18T06:32:08.483Z,"{""id"": ""SocketKey_21295_id4cvu""}",,,67683def-a943-4f5e-878c-a18c1cff3df1,0,1,1,false,false,2025-01-06T00:00:00Z,2025-01-13T00:00:00Z,false,null,null,0,0,null,528,
row79zkqyh8r,113,2026-06-18T06:32:12.201Z,"{""id"": ""SocketKey_21295_id4cvu""}",,,b7bd7ce9-bfb3-427c-964b-f4708294a364,0,1,1,false,false,2025-01-07T00:00:00Z,2025-01-14T00:00:00Z,false,null,null,0,0,null,527,
rowc3mrs7iwm,114,2026-06-18T06:32:12.217Z,"{""id"": ""SocketKey_21295_id4cvu""}",,,f834ab1c-343b-44a9-8af6-5e225ff1a9c2,1,1,1,false,false,2025-01-01T00:00:00Z,2025-01-07T00:00:00Z,false,2026-01-08T09:46:38.83Z,2026-01-01T00:00:00Z,2,2,Absconding,533,
row7w8q1mf7z,115,2026-06-18T06:32:15.459Z,"{""id"": ""SocketKey_21295_id4cvu""}",,,cf464445-ac1b-49fe-882e-8ff17376e8ed,1,1,1,false,false,2025-01-12T00:00:00Z,2025-01-19T00:00:00Z,false,2026-03-12T12:34:44.663Z,2026-03-01T00:00:00Z,2,2,Medical Condition,522,
rowqjepwtoou,116,2026-06-18T06:32:18.473Z,"{""id"": ""SocketKey_21295_id4cvu""}",,,b17ecdbc-7770-439d-811e-487fea2d591f,1,1,1,false,false,2025-01-13T00:00:00Z,2025-01-20T00:00:00Z,false,2025-04-05T10:18:37.973Z,2025-04-01T00:00:00Z,2,2,Medical Condition,521,
rowupj8484d4,117,2026-06-18T06:32:21.202Z,"{""id"": ""SocketKey_21295_id4cvu""}",,,bd23d5bf-920f-4fbc-aa9f-f5cb4e8f26a7,1,1,1,false,false,2025-02-03T00:00:00Z,2025-02-09T00:00:00Z,false,2025-08-12T07:42:27.91Z,2025-08-01T00:00:00Z,2,2,Medical Condition,500,
row2wmmc03ip,118,2026-06-18T06:32:24.203Z,"{""id"": ""SocketKey_21295_id4cvu""}",,,5ec03334-9e43-40ac-ae23-ae5b9df4de2f,1,1,1,false,false,2025-02-01T00:00:00Z,2025-02-07T00:00:00Z,false,2025-04-05T10:17:49.44Z,2025-04-01T00:00:00Z,2,2,Performance Issue,502,
rowfgrr8tblo,119,2026-06-18T06:32:27.202Z,"{""id"": ""SocketKey_21295_id4cvu""}",,,db83a19b-b03a-49dd-9b74-c02aea31633b,1,1,1,false,false,2025-02-01T00:00:00Z,2025-02-07T00:00:00Z,false,2025-04-05T10:17:12.67Z,2025-04-01T00:00:00Z,2,2,Performance Issue,502,
rowqgqtzu36w,120,2026-06-18T06:32:30.205Z,"{""id"": ""SocketKey_21295_id4cvu""}",,,088b90ff-a006-403c-9d70-7b821a351aa6,0,1,1,false,false,2024-01-03T00:00:00Z,2024-09-01T00:00:00Z,false,null,null,0,0,null,897,
rowayqd1glj5,121,2026-06-18T06:32:33.193Z,"{""id"": ""SocketKey_21295_id4cvu""}",,,59cdf4af-4a4a-41cd-92d0-309e5d734378,1,1,1,false,false,2023-08-28T00:00:00Z,2024-02-28T00:00:00Z,false,2025-08-12T07:43:09.52Z,2025-08-01T00:00:00Z,2,2,Medical Condition,1025,
rows8mxicqur,122,2026-06-18T06:32:36.197Z,"{""id"": ""SocketKey_21295_id4cvu""}",,,36f4fc0f-50d9-4bf9-91cc-7ac2eb3da4fd,1,1,1,false,false,2025-02-04T00:00:00Z,2025-02-11T00:00:00Z,false,2025-06-09T09:37:41.023Z,2025-06-01T00:00:00Z,2,2,Medical Condition,499,
rowwdh07vi9g,123,2026-06-18T06:32:39.301Z,"{""id"": ""SocketKey_21295_id4cvu""}",,,bc0f6e01-53e8-45d3-963e-debafdc95ea6,1,1,1,false,false,2025-02-06T00:00:00Z,2025-02-13T00:00:00Z,false,2025-06-09T09:32:44.88Z,2025-06-01T00:00:00Z,2,2,Medical Condition,497,
rowjgw6m3pmz,124,2026-06-18T06:32:42.331Z,"{""id"": ""SocketKey_21295_id4cvu""}",,,9f679f7f-2431-4333-b03b-4aa261c07b40,1,1,1,false,false,2025-02-06T00:00:00Z,2025-02-13T00:00:00Z,false,2025-06-09T09:59:14.117Z,2025-06-01T00:00:00Z,2,2,Medical Condition,497,
rowwumwwh355,125,2026-06-18T06:32:45.287Z,"{""id"": ""SocketKey_21295_id4cvu""}",,,9a67aab0-1095-4fc6-b0c3-615e91506fa5,1,1,1,false,false,2025-03-10T00:00:00Z,2025-03-16T00:00:00Z,false,2026-03-12T12:30:32.447Z,2026-03-01T00:00:00Z,2,2,Medical Condition,465,
row2dhcq1bdb,126,2026-06-18T06:32:48.504Z,"{""id"": ""SocketKey_21295_id4cvu""}",,,842a5a4a-cc6f-4d5e-b2da-3d4ece98b7c7,1,1,1,false,false,2025-04-01T00:00:00Z,2025-04-07T00:00:00Z,false,2025-12-12T05:13:38.707Z,2025-11-01T00:00:00Z,2,2,Absconding,443,
row54ps40hqk,127,2026-06-18T06:32:51.399Z,"{""id"": ""SocketKey_21295_id4cvu""}",,,862783bf-d2ab-42bb-95d2-9d66800973bf,1,0,1,false,false,2025-04-26T00:00:00Z,2025-05-02T00:00:00Z,false,2025-12-11T09:24:12.857Z,2025-11-01T00:00:00Z,2,2,Absconding,418,
rowav3amhpix,128,2026-06-18T06:32:54.392Z,"{""id"": ""SocketKey_21295_id4cvu""}",,,3b7b14f6-b493-40d8-8039-5f987fde4204,1,1,1,false,false,2025-05-23T00:00:00Z,2025-05-29T00:00:00Z,false,2026-04-15T11:02:29.627Z,2026-04-01T00:00:00Z,2,2,Medical Condition,391,
row34cbm4hn3,129,2026-06-18T06:32:58.448Z,"{""id"": ""SocketKey_21295_id4cvu""}",,,b3c2109d-d9b8-4d5f-99be-7f1149e6bc2c,1,1,1,false,false,2025-06-03T00:00:00Z,2025-06-09T00:00:00Z,false,2025-07-04T09:02:13.27Z,2025-06-03T00:00:00Z,2,2,Medical Condition,380,
row68clahbdl,130,2026-06-18T06:33:00.466Z,"{""id"": ""SocketKey_21295_id4cvu""}",,,908d5dbf-0ca7-4e4d-a132-30e85b794ea5,0,1,1,false,false,2025-06-11T00:00:00Z,2025-06-17T00:00:00Z,false,null,null,0,0,null,372,
row3lysggua7,131,2026-06-18T06:33:03.487Z,"{""id"": ""SocketKey_21295_id4cvu""}",,,84826ef7-c9c1-4f29-bc28-e0f76f5cd41a,0,1,1,false,false,2025-06-25T00:00:00Z,2025-07-01T00:00:00Z,false,null,null,0,0,null,358,
rowb89ku9w1x,132,2026-06-18T06:33:06.506Z,"{""id"": ""SocketKey_21295_id4cvu""}",,,cc562f9b-bf31-491f-a3ee-cc649a64e2a5,1,1,1,false,false,2023-08-25T00:00:00Z,2024-02-25T00:00:00Z,false,2024-10-10T10:47:50.46Z,2024-08-22T00:00:00Z,2,2,Medical Condition,1028,
rowzatwsqmvt,133,2026-06-18T06:33:09.525Z,"{""id"": ""SocketKey_21295_id4cvu""}",,,9a53fe10-31dd-4bdb-b717-b4a35acc90a1,1,1,1,false,false,2025-07-01T00:00:00Z,2025-07-13T00:00:00Z,false,2026-03-12T12:35:30.407Z,2026-03-01T00:00:00Z,2,2,Medical Condition,352,
rowqhko5260i,134,2026-06-18T06:33:12.562Z,"{""id"": ""SocketKey_21295_id4cvu""}",,,b7d8d74d-f975-4a98-9fdb-5f849c24e690,1,1,1,false,false,2025-07-01T00:00:00Z,2025-07-13T00:00:00Z,false,2026-01-07T09:12:40.057Z,2026-01-01T00:00:00Z,2,2,Absconding,352,
rownha5gyj00,135,2026-06-18T06:33:15.635Z,"{""id"": ""SocketKey_21295_id4cvu""}",,,095eb92d-97a4-4249-81e2-139d3c737076,0,1,1,false,false,2025-07-01T00:00:00Z,2025-07-15T00:00:00Z,false,null,null,0,0,null,352,
row3uwiwtjk0,136,2026-06-18T06:33:18.660Z,"{""id"": ""SocketKey_21295_id4cvu""}",,,a35ae488-362f-4934-bcb9-abef96de3c51,0,1,1,false,false,2025-07-01T00:00:00Z,2025-07-13T00:00:00Z,false,null,null,0,0,null,352,
rowkznihrb14,137,2026-06-18T06:33:21.712Z,"{""id"": ""SocketKey_21295_id4cvu""}",,,7fc3e02a-e88d-4af2-aaff-36971e5e6590,1,1,1,false,false,2025-07-01T00:00:00Z,2025-07-17T00:00:00Z,false,2026-03-12T12:39:54.55Z,2026-02-01T00:00:00Z,2,2,Medical Condition,352,
row4157h3ctt,138,2026-06-18T06:33:24.805Z,"{""id"": ""SocketKey_21295_id4cvu""}",,,d70a9462-c3f5-40b0-bde8-312eb0cd3605,1,1,1,false,false,2025-07-01T00:00:00Z,2025-07-17T00:00:00Z,false,2026-01-07T09:19:30.507Z,2026-01-01T00:00:00Z,2,2,Absconding,352,
row29t1hbsiq,139,2026-06-18T06:33:27.725Z,"{""id"": ""SocketKey_21295_id4cvu""}",,,22d4b197-fd9d-4428-82a5-f38ccc809750,0,1,1,false,false,2025-07-01T00:00:00Z,2025-07-17T00:00:00Z,false,null,null,0,0,null,352,
row3kcn5avsv,140,2026-06-18T06:33:30.918Z,"{""id"": ""SocketKey_21295_id4cvu""}",,,cd80899a-c9f2-4607-99f8-0e0259ad6b9a,0,1,1,false,false,2025-07-21T00:00:00Z,2025-07-27T00:00:00Z,false,null,null,0,0,null,332,
row1pifi02b7,141,2026-06-18T06:33:33.766Z,"{""id"": ""SocketKey_21295_id4cvu""}",,,2786cda0-ac17-42e7-a6e2-4f7d4454374a,1,1,1,false,false,2025-07-22T00:00:00Z,2025-07-28T00:00:00Z,false,2026-01-07T09:13:42.623Z,2026-01-01T00:00:00Z,2,2,Absconding,331,
rowsn9kun741,142,2026-06-18T06:33:36.812Z,"{""id"": ""SocketKey_21295_id4cvu""}",,,a5d58881-743b-432f-a4e7-3527d40003b6,1,1,1,false,false,2025-07-22T00:00:00Z,2025-08-07T00:00:00Z,false,2026-03-12T12:36:07.65Z,2026-03-01T00:00:00Z,2,2,Medical Condition,331,
rowiarculuer,143,2026-06-18T06:33:39.831Z,"{""id"": ""SocketKey_21295_id4cvu""}",,,c22fb75e-81be-4dac-8d13-119abf131274,1,1,1,false,false,2023-08-08T00:00:00Z,2024-02-08T00:00:00Z,false,2024-10-22T11:16:00.833Z,2024-09-30T00:00:00Z,2,2,Medical Condition,1045,
rowf01j60xjj,144,2026-06-18T06:33:42.930Z,"{""id"": ""SocketKey_21295_id4cvu""}",,,5a56a347-1345-4cb7-92e6-fc5239dcd15b,0,1,1,false,false,2025-08-01T00:00:00Z,2025-08-07T00:00:00Z,false,null,null,0,0,null,321,
row0qlb3ln7u,145,2026-06-18T06:33:46.158Z,"{""id"": ""SocketKey_21295_id4cvu""}",,,31c547d4-2f91-46d7-a979-116da39122fd,0,1,1,false,false,2025-08-01T00:00:00Z,2025-08-17T00:00:00Z,false,null,null,0,0,null,321,
rowwo6a4n1mf,146,2026-06-18T06:33:48.932Z,"{""id"": ""SocketKey_21295_id4cvu""}",,,61eb41c9-e7a0-484b-ade6-984aded8ec9e,1,1,1,false,false,2025-09-01T00:00:00Z,2025-09-01T00:00:00Z,false,2026-03-12T12:31:20.817Z,2026-03-01T00:00:00Z,2,2,Medical Condition,290,
rowkqpe07bns,147,2026-06-18T06:33:52.017Z,"{""id"": ""SocketKey_21295_id4cvu""}",,,5353d217-cb34-4255-a980-56542c1a7026,1,1,1,false,false,2025-09-01T00:00:00Z,2025-09-07T00:00:00Z,false,2026-05-09T11:46:44.083Z,2026-05-01T00:00:00Z,2,2,Medical Condition,290,
row13fxbodzu,148,2026-06-18T06:33:55.018Z,"{""id"": ""SocketKey_21295_id4cvu""}",,,edbfa096-ab1c-45bd-86cf-28f598c272ed,1,1,1,false,false,2025-09-01T00:00:00Z,2025-09-09T00:00:00Z,false,2026-04-15T11:06:07.067Z,2026-04-01T00:00:00Z,2,2,Medical Condition,290,
row2244rmtz8,149,2026-06-18T06:33:58.156Z,"{""id"": ""SocketKey_21295_id4cvu""}",,,8194c2d6-b2f9-4a85-abd4-bbdfb92589c8,1,1,1,false,false,2025-09-01T00:00:00Z,2025-09-09T00:00:00Z,false,2026-01-07T09:17:52.197Z,2026-01-01T00:00:00Z,2,2,Absconding,290,
rowah7v1qwuh,150,2026-06-18T06:34:01.038Z,"{""id"": ""SocketKey_21295_id4cvu""}",,,87072876-5d85-41d3-b7cb-f3f26315f46e,1,1,1,false,false,2025-09-01T00:00:00Z,2025-09-07T00:00:00Z,false,2026-01-07T09:16:30.453Z,2026-01-01T00:00:00Z,2,2,Absconding,290,
row2kr22agya,151,2026-06-18T06:34:04.180Z,"{""id"": ""SocketKey_21295_id4cvu""}",,,bfe5ab45-f770-40d9-959b-d688b4550717,1,1,1,false,false,2025-08-25T00:00:00Z,2025-08-31T00:00:00Z,false,2026-01-07T09:14:43.113Z,2026-01-01T00:00:00Z,2,2,Absconding,297,
rowuv9i82y6k,152,2026-06-18T06:34:07.131Z,"{""id"": ""SocketKey_21295_id4cvu""}",,,1161b8b0-c04b-47bc-881b-f4339f68c6f8,1,1,1,false,false,2025-08-25T00:00:00Z,2025-08-31T00:00:00Z,false,2026-01-07T09:15:36.883Z,2026-01-01T00:00:00Z,2,2,Absconding,297,
rowneujewxn0,153,2026-06-18T06:34:10.134Z,"{""id"": ""SocketKey_21295_id4cvu""}",,,b6e54abe-bf81-4c3e-a458-b4badf2ec5fd,1,1,1,false,false,2025-09-01T00:00:00Z,2025-09-09T00:00:00Z,false,2025-11-08T06:51:46.983Z,2025-10-01T00:00:00Z,2,2,Absconding,290,
row3h5a9xglv,154,2026-06-18T06:34:13.171Z,"{""id"": ""SocketKey_21295_id4cvu""}",,,7e540661-f0fd-4480-9446-ad704c202e6a,1,0,1,false,false,2023-07-12T00:00:00Z,2024-06-07T00:00:00Z,false,2024-07-16T11:28:17.637Z,2024-06-23T00:00:00Z,2,2,Performance Issue,1072,
rowxyey4to83,155,2026-06-18T06:34:16.193Z,"{""id"": ""SocketKey_21295_id4cvu""}",,,a0e20bb3-9f50-481f-8e28-1ab9386c8ef3,1,1,1,false,false,2025-09-01T00:00:00Z,2025-09-14T00:00:00Z,false,2026-03-12T12:36:59.58Z,2026-03-01T00:00:00Z,2,2,Medical Condition,290,
rowcctoox519,156,2026-06-18T06:34:19.252Z,"{""id"": ""SocketKey_21295_id4cvu""}",,,9ac60236-4dfa-4c90-857b-25be48a8f458,1,1,1,false,false,2025-09-01T00:00:00Z,2025-09-14T00:00:00Z,false,2026-03-12T12:37:48.393Z,2026-03-01T00:00:00Z,2,2,Medical Condition,290,
rowh35535y1v,157,2026-06-18T06:34:22.253Z,"{""id"": ""SocketKey_21295_id4cvu""}",,,f6bd87c9-af3c-4c7e-b411-7c1bc72895ad,0,1,1,false,false,2025-10-01T00:00:00Z,2025-10-01T00:00:00Z,false,null,null,0,0,null,260,
rowe1dqqt5jt,158,2026-06-18T06:34:25.327Z,"{""id"": ""SocketKey_21295_id4cvu""}",,,8c671740-ffcc-46b2-a207-f6b834135728,1,1,1,false,false,2025-10-01T00:00:00Z,2025-10-08T00:00:00Z,false,2026-02-14T09:45:58.83Z,2026-02-01T00:00:00Z,2,2,Medical Condition,260,
rowatm6rn94x,159,2026-06-18T06:34:28.313Z,"{""id"": ""SocketKey_21295_id4cvu""}",,,2da68876-0ef4-4463-91e9-b6d6400763a1,1,1,1,false,false,2025-10-01T00:00:00Z,2025-10-08T00:00:00Z,false,2026-03-12T12:38:21.053Z,2026-03-01T00:00:00Z,2,2,Medical Condition,260,
rowgzxehihhh,160,2026-06-18T06:34:31.593Z,"{""id"": ""SocketKey_21295_id4cvu""}",,,c0d1ad86-1620-4753-8dbe-4ed9ba4ecb12,1,1,1,false,false,2025-11-01T00:00:00Z,2025-11-01T00:00:00Z,false,2025-12-11T09:22:36.707Z,2025-11-01T00:00:00Z,2,2,Absconding,229,
rowqottv4c4g,161,2026-06-18T06:34:34.377Z,"{""id"": ""SocketKey_21295_id4cvu""}",,,84a7d79e-d0a6-4b0b-bc37-46bc84864f09,1,1,1,false,false,2025-07-24T00:00:00Z,2025-07-30T00:00:00Z,false,2026-01-03T05:28:49.593Z,2025-12-01T00:00:00Z,2,2,Performance Issue,329,
row5tqa5nqfb,162,2026-06-18T06:34:37.398Z,"{""id"": ""SocketKey_21295_id4cvu""}",,,1c9b2424-db06-4eca-b405-08f6eb834d33,0,1,1,false,false,2025-10-01T00:00:00Z,2025-10-12T00:00:00Z,false,null,null,0,0,null,260,
rowup1wohbmj,163,2026-06-18T06:34:40.514Z,"{""id"": ""SocketKey_21295_id4cvu""}",,,0cf4593e-ddcc-488f-a384-e84ef912c7f8,0,1,1,false,false,2026-01-01T00:00:00Z,2026-01-13T00:00:00Z,false,null,null,0,0,null,168,
row2os3dv2km,164,2026-06-18T06:34:43.502Z,"{""id"": ""SocketKey_21295_id4cvu""}",,,98c5bea6-42ee-40ff-b880-bdae5b7f111c,1,1,1,false,false,2026-01-01T00:00:00Z,2026-01-25T00:00:00Z,false,2026-03-12T12:39:18.59Z,2026-02-01T00:00:00Z,2,2,Medical Condition,168,
rowaal5kz8m7,165,2026-06-18T06:34:46.559Z,"{""id"": ""SocketKey_21295_id4cvu""}",,,af5594a7-e375-441f-b233-8d2d4599fa1d,1,1,1,false,false,2023-06-25T00:00:00Z,2023-12-25T00:00:00Z,false,2025-08-12T07:30:06.66Z,2025-08-01T00:00:00Z,2,2,Medical Condition,1089,
rowcg28jhh9b,166,2026-06-18T06:34:49.533Z,"{""id"": ""SocketKey_21295_id4cvu""}",,,eba66fb1-835c-4f92-ab79-b56cee174034,0,1,1,false,false,2026-02-01T00:00:00Z,2026-02-05T00:00:00Z,false,null,null,0,0,null,137,
rowpug28zmuw,167,2026-06-18T06:34:52.551Z,"{""id"": ""SocketKey_21295_id4cvu""}",,,af419384-1b41-4d74-99e3-6649c96673bd,1,1,1,false,false,2024-08-21T00:00:00Z,2024-09-05T00:00:00Z,false,2025-01-06T10:40:06.28Z,2024-12-19T00:00:00Z,2,2,Misconduct,666,
rowhh2opy41r,168,2026-06-18T06:34:55.578Z,"{""id"": ""SocketKey_21295_id4cvu""}",,,58c79f6f-a4e0-4b9a-9f81-abde63d55a20,1,1,1,false,false,2023-06-08T00:00:00Z,2024-02-06T00:00:00Z,false,2025-05-15T11:47:34.963Z,2025-04-01T00:00:00Z,2,2,Death,1106,
rowxad4bltzz,169,2026-06-18T06:34:58.639Z,"{""id"": ""SocketKey_21295_id4cvu""}",,,749563fa-ba5d-4b93-8d02-bf2d93793d9d,1,1,1,false,false,2023-06-07T00:00:00Z,2024-01-06T00:00:00Z,false,2025-01-06T10:35:16.247Z,2025-01-01T00:00:00Z,2,2,Medical Condition,1107,
row7h041lplk,170,2026-06-18T06:35:01.656Z,"{""id"": ""SocketKey_21295_id4cvu""}",,,b93ea5b5-02a9-458a-a736-8bc38c3a7a32,1,1,1,false,false,2023-06-06T00:00:00Z,2023-12-06T00:00:00Z,false,2026-01-07T09:10:50.57Z,2026-01-01T00:00:00Z,2,2,Absconding,1108,
rowibvil9q4m,171,2026-06-18T06:35:04.809Z,"{""id"": ""SocketKey_21295_id4cvu""}",,,e8d96d63-9095-420a-8e2c-179fd976a292,0,1,1,false,false,2023-06-05T00:00:00Z,2023-11-06T00:00:00Z,false,null,null,0,0,null,1109,
rowojd4h4u9p,172,2026-06-18T06:36:43.003Z,"{""id"": ""SocketKey_21295_id4cvu""}",,,f337c270-af0d-489a-8662-e414ce95674b,1,1,1,false,false,2024-01-01T00:00:00Z,2024-07-01T00:00:00Z,false,2026-03-12T12:32:47.523Z,2026-03-01T00:00:00Z,2,2,Medical Condition,899,
rowptdsrtvmn,173,2026-06-18T06:36:43.556Z,"{""id"": ""SocketKey_21295_id4cvu""}",,,f6332867-4619-47cb-8218-9ceb64c11207,1,1,1,false,false,2023-05-29T00:00:00Z,2023-11-29T00:00:00Z,false,2025-04-05T10:19:16.893Z,2025-04-01T00:00:00Z,2,2,Medical Condition,1116,
rowi5ygrdc8p,174,2026-06-18T06:36:44.166Z,"{""id"": ""SocketKey_21295_id4cvu""}",,,04b12da5-4814-407d-840d-c9f6a5b4c21b,1,1,1,false,false,2023-05-29T00:00:00Z,2023-11-29T00:00:00Z,false,2025-03-07T06:28:47.917Z,2025-03-01T00:00:00Z,2,2,Medical Condition,1116,
row6lrp1jzn6,175,2026-06-18T06:36:44.627Z,"{""id"": ""SocketKey_21295_id4cvu""}",,,c81c695a-f492-47f6-bc4a-a5baa34c898b,1,1,1,false,false,2023-05-23T00:00:00Z,2023-11-23T00:00:00Z,false,2025-05-15T11:48:32.607Z,2025-05-01T00:00:00Z,2,2,Medical Condition,1122,
rowfh9iq4dm8,176,2026-06-18T06:36:45.449Z,"{""id"": ""SocketKey_21295_id4cvu""}",,,9b36129e-2b42-4006-9911-800a96a3f0b4,1,1,1,false,false,2023-05-22T00:00:00Z,2023-11-22T00:00:00Z,false,2024-10-10T11:58:14.577Z,2024-08-20T00:00:00Z,2,2,Performance Issue,1123,
rowo3mnolnuz,177,2026-06-18T06:36:45.904Z,"{""id"": ""SocketKey_21295_id4cvu""}",,,0cf3306c-419b-4625-a369-300be0c895e3,1,1,1,false,false,2023-05-15T00:00:00Z,2023-11-15T00:00:00Z,false,2026-05-01T09:49:30.657Z,2026-04-01T00:00:00Z,2,2,Medical Condition,1130,
row3kxj517cb,178,2026-06-18T06:36:46.031Z,"{""id"": ""SocketKey_21295_id4cvu""}",,,7635b493-7423-459d-a7ed-37de81c90910,1,0,1,false,false,2023-04-01T00:00:00Z,2023-07-04T00:00:00Z,false,2024-07-23T06:26:43.85Z,2024-07-18T00:00:00Z,2,2,Performance Issue,1174,
row1uy68pzze,179,2026-06-18T06:36:46.156Z,"{""id"": ""SocketKey_21295_id4cvu""}",,,8a68183d-84d9-4731-9cfb-9354be1e448f,0,1,1,false,false,2023-03-24T00:00:00Z,2023-09-24T00:00:00Z,false,null,null,0,0,null,1182,
row4f6qbl0se,180,2026-06-18T06:36:46.253Z,"{""id"": ""SocketKey_21295_id4cvu""}",,,d8be94fb-8cef-4c30-a303-50716e670b51,1,1,1,false,false,2023-03-03T00:00:00Z,2023-09-03T00:00:00Z,false,2026-02-14T09:45:08.06Z,2026-02-01T00:00:00Z,2,2,Medical Condition,1203,
row0i5ktmca9,181,2026-06-18T06:36:46.854Z,"{""id"": ""SocketKey_21295_id4cvu""}",,,bc8e2cbb-20cf-4997-877c-9adb383b6683,1,0,1,false,false,2023-03-01T00:00:00Z,2022-07-03T00:00:00Z,false,2024-06-04T08:34:05.533Z,2024-04-30T00:00:00Z,2,2,Misconduct,1205,
row7j5jxty1v,182,2026-06-18T06:36:47.316Z,"{""id"": ""SocketKey_21295_id4cvu""}",,,63a94e8a-4335-4a9c-891c-f5ed73fd7f39,1,0,1,false,false,2023-02-12T00:00:00Z,2024-06-02T00:00:00Z,true,2024-05-30T07:47:28Z,2024-05-25T00:00:00Z,2,2,Performance Issue,1222,
rowj1oitqebv,183,2026-06-18T06:36:47.529Z,"{""id"": ""SocketKey_21295_id4cvu""}",,,3fe6bf04-1b50-4560-8bc5-af3d90e4657b,0,1,1,false,false,2023-12-25T00:00:00Z,2024-06-25T00:00:00Z,false,null,null,0,0,null,906,
rowuihoofn4o,184,2026-06-18T06:36:47.798Z,"{""id"": ""SocketKey_21295_id4cvu""}",,,2c84748c-d174-4fe7-b002-47a8a8ddf375,1,2,1,false,false,2023-01-01T00:00:00Z,2023-07-01T00:00:00Z,false,2024-07-16T11:33:08.23Z,2024-06-14T00:00:00Z,2,2,Performance Issue,1264,
rowout8tkpmh,185,2026-06-18T06:36:48.022Z,"{""id"": ""SocketKey_21295_id4cvu""}",,,afe8c10b-9180-49d6-8c5f-009f6a749d74,1,1,1,false,false,2023-01-01T00:00:00Z,2023-07-01T00:00:00Z,false,2025-03-07T10:55:20.85Z,2025-03-01T00:00:00Z,2,2,Medical Condition,1264,
rowmws0llzvj,186,2026-06-18T06:36:48.262Z,"{""id"": ""SocketKey_21295_id4cvu""}",,,4d8b0c76-bc09-4726-b12e-a2d1d331d81c,1,0,1,false,false,2022-09-15T00:00:00Z,2023-03-15T00:00:00Z,false,2024-05-30T07:47:28Z,2024-05-25T00:00:00Z,2,2,Performance Issue,1372,
rowmt53cx7ui,187,2026-06-18T06:36:48.526Z,"{""id"": ""SocketKey_21295_id4cvu""}",,,d99822c3-68d2-455b-8fbe-ddd4771651eb,1,0,1,false,false,2022-04-06T00:00:00Z,2022-12-04T00:00:00Z,false,2024-05-27T13:18:58.117Z,2024-05-25T00:00:00Z,2,2,Misconduct,1534,
rowjvnyxs47f,188,2026-06-18T06:36:48.925Z,"{""id"": ""SocketKey_21295_id4cvu""}",,,f9d71c8b-bcb4-4731-9ee1-e02839c734ee,1,1,1,false,false,2026-02-01T00:00:00Z,2026-02-10T00:00:00Z,false,2026-04-15T11:07:30.15Z,2026-04-01T00:00:00Z,2,2,Medical Condition,137,
rowi1kj0siyi,189,2026-06-18T06:36:49.297Z,"{""id"": ""SocketKey_21295_id4cvu""}",,,474672b8-9ceb-47cc-a019-e5df6df6c149,0,1,1,false,false,2021-06-22T00:00:00Z,2021-12-22T00:00:00Z,false,null,null,0,0,null,1822,
rowq390l9mr2,190,2026-06-18T06:36:49.513Z,"{""id"": ""SocketKey_21295_id4cvu""}",,,36f468d6-5207-4d65-ad38-069649c53a09,0,1,1,false,false,2026-02-01T00:00:00Z,2026-02-16T00:00:00Z,false,null,null,0,0,null,137,
rowb9w036y82,191,2026-06-18T06:36:50.263Z,"{""id"": ""SocketKey_21295_id4cvu""}",,,ae40fd5a-cd09-41c7-b2db-aa7a7f267f91,0,1,1,false,false,2026-02-01T00:00:00Z,2026-02-25T00:00:00Z,false,null,null,0,0,null,137,
rowxa62h09c0,192,2026-06-18T06:36:50.562Z,"{""id"": ""SocketKey_21295_id4cvu""}",,,d927d048-8137-440b-af37-72e8ac4cd5a4,0,0,1,false,false,2026-02-01T00:00:00Z,2026-02-24T00:00:00Z,false,null,null,0,0,null,137,
row6qpdkxv6v,193,2026-06-18T06:36:51.017Z,"{""id"": ""SocketKey_21295_id4cvu""}",,,89aae315-8408-4203-b4d8-336a7a0c713b,0,1,1,false,false,2026-02-01T00:00:00Z,2026-02-22T00:00:00Z,false,null,null,0,0,null,137,
rowi1xi975us,194,2026-06-18T06:36:51.263Z,"{""id"": ""SocketKey_21295_id4cvu""}",,,3ea4c1e1-5ba3-48bb-826c-4af693f801ac,0,1,1,false,false,2026-02-01T00:00:00Z,2026-02-22T00:00:00Z,false,null,null,0,0,null,137,
rowi15enqaj5,195,2026-06-18T06:36:51.513Z,"{""id"": ""SocketKey_21295_id4cvu""}",,,799ab167-5fda-4773-bccf-0996dac96c09,1,1,1,false,false,2026-02-01T00:00:00Z,2026-02-24T00:00:00Z,false,2026-05-01T10:37:15.49Z,2026-04-01T00:00:00Z,2,2,Medical Condition,137,
rowhc29090tj,196,2026-06-18T06:36:51.766Z,"{""id"": ""SocketKey_21295_id4cvu""}",,,4382a171-b2c0-4f05-9dff-99c2abed1429,0,1,1,false,false,2026-03-01T00:00:00Z,2026-03-15T00:00:00Z,false,null,null,0,0,null,109,
rowc11g20uvp,197,2026-06-18T06:36:51.821Z,"{""id"": ""SocketKey_21295_id4cvu""}",,,cb892024-8e76-45bb-9369-d065da3de78c,0,1,1,false,false,2026-03-01T00:00:00Z,2026-03-18T00:00:00Z,false,null,null,0,0,null,109,
rowb8ez4haj7,198,2026-06-18T06:36:52.022Z,"{""id"": ""SocketKey_21295_id4cvu""}",,,460b32a2-d2ba-453c-85ac-66e04a52f648,1,1,1,false,false,2026-03-01T00:00:00Z,2026-03-19T00:00:00Z,false,2026-06-12T05:52:58.03Z,2026-06-01T00:00:00Z,2,2,Medical Condition,109,
rowt56dfv5h5,199,2026-06-18T06:36:53.111Z,"{""id"": ""SocketKey_21295_id4cvu""}",,,01aeb9fe-2b1f-4307-bb2e-72cf745b0c1c,1,1,1,false,false,2020-10-01T00:00:00Z,2020-10-30T00:00:00Z,false,2025-05-15T11:44:43.003Z,2025-05-01T00:00:00Z,2,2,Medical Condition,2086,
rowpfb047fr2,200,2026-06-18T06:36:53.525Z,"{""id"": ""SocketKey_21295_id4cvu""}",,,3aba318b-ba74-4478-8d37-66e2a7d11fda,1,1,1,false,false,2026-03-01T00:00:00Z,2026-03-19T00:00:00Z,false,2026-06-12T05:50:28.107Z,2026-06-01T00:00:00Z,2,2,Medical Condition,109,
rowkkfw06apw,201,2026-06-18T06:36:53.546Z,"{""id"": ""SocketKey_21295_id4cvu""}",,,4c211c28-b7b0-418e-9bc4-ff5f95b9f360,1,0,1,false,false,2026-03-01T00:00:00Z,2026-03-07T00:00:00Z,false,2026-04-15T10:48:37.463Z,2026-03-01T00:00:00Z,2,1,Other,109,
rowsabfjw2zt,202,2026-06-18T06:36:53.765Z,"{""id"": ""SocketKey_21295_id4cvu""}",,,5d467b61-f71a-4e08-952a-523f74274bcc,0,1,1,false,false,2026-03-01T00:00:00Z,2026-03-25T00:00:00Z,false,null,null,0,0,null,109,
rowkh5je6yd0,203,2026-06-18T06:36:53.881Z,"{""id"": ""SocketKey_21295_id4cvu""}",,,87ca3104-d314-4e28-b0c9-6654ce36fc3a,1,1,1,false,false,2026-03-01T00:00:00Z,2026-04-29T00:00:00Z,false,2026-05-09T11:49:19.84Z,2026-05-01T00:00:00Z,2,2,Medical Condition,109,
row7dcrk27x3,204,2026-06-18T06:36:54.266Z,"{""id"": ""SocketKey_21295_id4cvu""}",,,5d6f56ff-986d-4023-9292-63e9eeb2ccce,1,1,1,false,false,2026-03-01T00:00:00Z,2026-04-29T00:00:00Z,false,2026-05-01T09:50:48.03Z,2026-04-01T00:00:00Z,2,2,Medical Condition,109,
rowpwjxhg8dl,205,2026-06-18T06:36:54.516Z,"{""id"": ""SocketKey_21295_id4cvu""}",,,6ddf7127-d01f-4471-9709-b90860fd1716,0,0,1,false,false,2026-03-23T00:00:00Z,2026-04-07T00:00:00Z,false,null,null,0,0,null,87,
rowsy2x96ogh,206,2026-06-18T06:36:54.815Z,"{""id"": ""SocketKey_21295_id4cvu""}",,,d9741b12-7d4c-4646-b9c7-d544dcaf77ff,1,0,1,false,false,2026-03-01T00:00:00Z,2026-03-31T00:00:00Z,false,2026-06-11T10:04:58.33Z,2026-05-01T00:00:00Z,2,2,Medical Condition,109,
rowxwo37pqxy,207,2026-06-18T06:36:55.517Z,"{""id"": ""SocketKey_21295_id4cvu""}",,,bc422776-1493-4e42-a5ff-48c942184783,0,1,1,false,false,2026-04-01T00:00:00Z,2026-04-07T00:00:00Z,false,null,null,0,0,null,78,
rowynechxvic,208,2026-06-18T06:36:56.878Z,"{""id"": ""SocketKey_21295_id4cvu""}",,,58f1b0ee-0f19-4974-878e-2b688326d775,0,1,1,false,false,2026-04-01T00:00:00Z,2026-04-05T00:00:00Z,false,null,null,0,0,null,78,
rowtmm8wsetd,209,2026-06-18T06:36:59.812Z,"{""id"": ""SocketKey_21295_id4cvu""}",,,61ebd9bb-8be4-4b43-af98-52292d8c6102,1,1,1,false,false,2026-05-01T00:00:00Z,2026-05-01T00:00:00Z,false,2026-06-11T12:02:33.033Z,2026-05-01T00:00:00Z,2,2,Medical Condition,48,
rowg46j5qtyn,210,2026-06-18T06:37:30.047Z,"{""id"": ""SocketKey_21295_id4cvu""}",,,df463b26-518f-435c-bb93-48ad82ec8aab,0,1,1,false,false,2020-02-11T00:00:00Z,2021-05-02T00:00:00Z,false,null,null,0,0,null,2319,
rowx63d995il,211,2026-06-18T06:37:31.012Z,"{""id"": ""SocketKey_21295_id4cvu""}",,,b82c4917-7019-4661-a2cb-d3e5f5468c88,0,1,1,false,false,2026-04-01T00:00:00Z,2026-04-07T00:00:00Z,false,null,null,0,0,null,78,
rowokqdo1y7a,212,2026-06-18T06:37:32.537Z,"{""id"": ""SocketKey_21295_id4cvu""}",,,3dcca89f-f86a-450f-a508-232ba693c4ab,0,1,1,false,false,2026-04-01T00:00:00Z,2026-04-12T00:00:00Z,false,null,null,0,0,null,78,
row1i3is1du1,213,2026-06-18T06:37:33.309Z,"{""id"": ""SocketKey_21295_id4cvu""}",,,b32df0b0-1cf1-4e98-8446-e74820cea3cc,0,1,1,false,false,2026-04-01T00:00:00Z,2026-04-19T00:00:00Z,false,null,null,0,0,null,78,
row8g08sinci,214,2026-06-18T06:37:33.765Z,"{""id"": ""SocketKey_21295_id4cvu""}",,,2bd98099-6907-4835-bb77-e5389acfd08f,0,1,1,false,false,2026-04-01T00:00:00Z,2026-04-20T00:00:00Z,false,null,null,0,0,null,78,
row9lenoe0hw,215,2026-06-18T06:37:34.023Z,"{""id"": ""SocketKey_21295_id4cvu""}",,,fd3428aa-f78b-484b-8552-1eb703ad77c6,1,1,1,false,false,2026-04-01T00:00:00Z,2026-04-19T00:00:00Z,false,2026-06-12T05:49:52.627Z,2026-06-01T00:00:00Z,2,2,Medical Condition,78,
rowdio30zx65,216,2026-06-18T06:37:34.042Z,"{""id"": ""SocketKey_21295_id4cvu""}",,,3769c1d2-b240-4dc0-ae2b-8cce7a30bebe,0,1,1,false,false,2026-04-01T00:00:00Z,2026-04-17T00:00:00Z,false,null,null,0,0,null,78,
rowc1kg1g34h,217,2026-06-18T06:37:34.611Z,"{""id"": ""SocketKey_21295_id4cvu""}",,,3b251f41-b240-4cf9-8758-259ae4ce11c7,0,1,1,false,false,2026-04-01T00:00:00Z,2026-04-10T00:00:00Z,false,null,null,0,0,null,78,
rowyx18ksyof,218,2026-06-18T06:37:36.544Z,"{""id"": ""SocketKey_21295_id4cvu""}",,,8dd3b595-b1eb-483f-afae-e5dc13e50e2b,0,0,1,false,false,2026-04-01T00:00:00Z,2026-04-21T00:00:00Z,false,null,null,0,0,null,78,
rowogmgfma6s,219,2026-06-18T06:37:36.765Z,"{""id"": ""SocketKey_21295_id4cvu""}",,,17e9b0b3-4a2c-48e3-8822-e49873a44a3c,0,1,1,false,false,2026-04-01T00:00:00Z,2026-04-26T00:00:00Z,false,null,null,0,0,null,78,
rowflkckqyrk,220,2026-06-18T06:37:37.019Z,"{""id"": ""SocketKey_21295_id4cvu""}",,,74a60997-73bf-405f-9164-878c46c0dfbd,1,1,1,false,false,2026-04-01T00:00:00Z,2026-04-16T00:00:00Z,false,2026-06-12T05:49:19.083Z,2026-06-01T00:00:00Z,2,2,Medical Condition,78,
row136m6p95u,221,2026-06-18T06:37:37.263Z,"{""id"": ""SocketKey_21295_id4cvu""}",,,fe8a4643-76ef-42ed-8b49-42a540e7ee77,0,1,1,false,false,2019-07-01T00:00:00Z,2019-07-07T00:00:00Z,false,null,null,0,0,null,2544,
rown34gu69rj,222,2026-06-18T06:37:39.299Z,"{""id"": ""SocketKey_21295_id4cvu""}",,,21466850-31b7-4074-90f2-e0ec8f6bcb2d,0,1,1,false,false,2026-04-01T00:00:00Z,2026-04-26T00:00:00Z,false,null,null,0,0,null,78,
rowzt1csnb6w,223,2026-06-18T06:37:42.512Z,"{""id"": ""SocketKey_21295_id4cvu""}",,,59fb17ba-1a9b-43fd-a0fb-c9d2d57e2642,1,1,1,false,false,2026-04-01T00:00:00Z,2026-04-28T00:00:00Z,false,2026-06-12T05:47:49.423Z,2026-06-01T00:00:00Z,2,2,Medical Condition,78,
row62qy9bsxj,224,2026-06-18T06:37:45.516Z,"{""id"": ""SocketKey_21295_id4cvu""}",,,b76fca43-9ca0-4791-940d-35a78ef3d5ba,0,1,1,false,false,2026-04-27T00:00:00Z,2026-05-03T00:00:00Z,false,null,null,0,0,null,52,
rowbc7e9npqb,225,2026-06-18T06:37:48.519Z,"{""id"": ""SocketKey_21295_id4cvu""}",,,b506c1f9-1538-412d-b0fb-04d7a1135b44,0,1,1,false,false,2026-04-27T00:00:00Z,2026-05-03T00:00:00Z,false,null,null,0,0,null,52,
row5d9kr1fm9,226,2026-06-18T06:37:51.522Z,"{""id"": ""SocketKey_21295_id4cvu""}",,,9766cc07-2ac9-4b84-95af-2c88895de4d4,0,1,1,false,false,2026-05-01T00:00:00Z,2026-05-10T00:00:00Z,false,null,null,0,0,null,48,
rowrtjdzys0l,227,2026-06-18T06:37:56.048Z,"{""id"": ""SocketKey_21295_id4cvu""}",,,6ff091e3-a5cb-4372-8207-83cc0fdc1be3,0,0,1,false,false,2026-05-01T00:00:00Z,2026-05-24T00:00:00Z,false,null,null,0,0,null,48,
row9bhz86hp2,228,2026-06-18T06:37:57.512Z,"{""id"": ""SocketKey_21295_id4cvu""}",,,07473dd8-2cc6-4b0d-bdb3-0fddb6c76926,0,1,1,false,false,2026-05-01T00:00:00Z,2026-05-25T00:00:00Z,false,null,null,0,0,null,48,
row9fn3gko5l,229,2026-06-18T06:38:00.537Z,"{""id"": ""SocketKey_21295_id4cvu""}",,,f4488f9b-d950-4615-998a-7469bea232be,0,1,1,false,false,2026-05-01T00:00:00Z,2026-05-24T00:00:00Z,false,null,null,0,0,null,48,
row2kl0d4po0,230,2026-06-18T06:38:03.524Z,"{""id"": ""SocketKey_21295_id4cvu""}",,,1e979721-143b-4b85-9987-0fb9fcb80d38,0,1,1,false,false,2026-05-01T00:00:00Z,2026-05-24T00:00:00Z,false,null,null,0,0,null,48,
row3jp3vj3xx,231,2026-06-18T06:38:06.512Z,"{""id"": ""SocketKey_21295_id4cvu""}",,,f9f1c66d-c0f5-4a7b-bf07-7d8250aa8fbd,0,1,1,false,false,2026-05-01T00:00:00Z,2026-05-24T00:00:00Z,false,null,null,0,0,null,48,
rowmn2jiiu83,232,2026-06-18T06:38:09.515Z,"{""id"": ""SocketKey_21295_id4cvu""}",,,912340fb-7010-497a-8899-0adfd83eee82,0,1,1,false,false,2019-02-10T00:00:00Z,2020-04-02T00:00:00Z,false,null,null,0,0,null,2685,
row1sbptosj4,233,2026-06-18T06:38:12.765Z,"{""id"": ""SocketKey_21295_id4cvu""}",,,20762b5b-cf59-410b-946b-206cd3116f52,0,1,1,false,false,2026-05-01T00:00:00Z,2026-05-24T00:00:00Z,false,null,null,0,0,null,48,
rowlgidcginz,234,2026-06-18T06:38:15.573Z,"{""id"": ""SocketKey_21295_id4cvu""}",,,a7ea0969-f39a-48ce-ab07-db537c5309e7,0,1,1,false,false,2026-05-28T00:00:00Z,2026-06-03T00:00:00Z,false,null,null,0,0,null,21,
rownyiv37gb6,235,2026-06-18T06:38:18.763Z,"{""id"": ""SocketKey_21295_id4cvu""}",,,4ee8e198-86f4-4b5c-a9ad-f7439f7f504b,0,1,1,false,false,2026-05-01T00:00:00Z,2026-05-26T00:00:00Z,false,null,null,0,0,null,48,
row1ahpva65y,236,2026-06-18T06:38:21.762Z,"{""id"": ""SocketKey_21295_id4cvu""}",,,cc874578-97a2-4df0-b9ef-b983eeb2fe05,0,1,1,false,false,2026-06-01T00:00:00Z,2026-06-01T00:00:00Z,false,null,null,0,0,null,17,
rowzo3z431vb,237,2026-06-18T06:38:24.783Z,"{""id"": ""SocketKey_21295_id4cvu""}",,,47725285-bd58-412b-88a5-58a6c7fba906,0,0,1,false,false,2026-06-01T00:00:00Z,2026-06-07T00:00:00Z,false,null,null,0,0,null,17,
rowdyln51c4g,238,2026-06-18T06:38:27.945Z,"{""id"": ""SocketKey_21295_id4cvu""}",,,fcc767f2-7eee-4b12-bbf3-d936c6959f28,0,1,1,false,false,2016-06-01T00:00:00Z,2016-07-06T00:00:00Z,false,null,null,0,0,null,3669,
rowgf9fo0q1e,239,2026-06-18T06:38:30.773Z,"{""id"": ""SocketKey_21295_id4cvu""}",,,bf09597d-da1d-4b78-be3e-392a6b60917b,1,1,1,false,false,2023-12-25T00:00:00Z,2024-06-25T00:00:00Z,false,2025-06-12T06:59:56.677Z,2025-05-01T00:00:00Z,2,2,Medical Condition,906,
rowxc3hok4ay,240,2026-06-18T06:38:34.032Z,"{""id"": ""SocketKey_21295_id4cvu""}",,,747200bc-88d7-44bd-9916-2a629878e508,0,1,1,false,false,2015-09-22T00:00:00Z,2016-03-22T00:00:00Z,false,null,null,0,0,null,3922,
rowjid7ba0kx,241,2026-06-18T06:38:37.019Z,"{""id"": ""SocketKey_21295_id4cvu""}",,,6db7c8db-bb42-4f3c-a957-8a77b4829ebb,0,1,1,false,false,2015-05-09T00:00:00Z,2016-03-05T00:00:00Z,false,null,null,0,0,null,4058,
row23lgsokzx,242,2026-06-18T06:38:40.053Z,"{""id"": ""SocketKey_21295_id4cvu""}",,,b28e17e1-ed33-4b2e-809f-4afe025051a3,1,1,1,false,false,2018-07-13T00:00:00Z,2019-01-13T00:00:00Z,false,2024-10-10T11:57:04.757Z,2024-08-28T00:00:00Z,2,2,Medical Condition,2897,
row0zgatghf7,243,2026-06-18T06:38:43.012Z,"{""id"": ""SocketKey_21295_id4cvu""}",,,6fe62f23-6ede-4844-9d84-732fddc4734c,1,0,1,false,false,2024-04-01T00:00:00Z,2025-03-02T00:00:00Z,true,2024-05-29T12:51:58.673Z,2024-04-30T00:00:00Z,2,2,Performance Issue,808,
rowy3ndb5g8g,244,2026-06-18T06:38:46.014Z,"{""id"": ""SocketKey_21295_id4cvu""}",,,8232b6b6-7191-46cb-b8d0-ea167bd1198f,1,2,1,false,false,2023-12-02T00:00:00Z,2025-06-02T00:00:00Z,true,2024-06-29T11:16:51.073Z,2024-05-31T00:00:00Z,2,2,Performance Issue,929,
row17oiibspm,245,2026-06-18T06:38:49.023Z,"{""id"": ""SocketKey_21295_id4cvu""}",,,61f92803-2ebe-4ab4-9030-2c029deac8b7,1,1,1,false,false,2024-02-10T00:00:00Z,2025-04-02T00:00:00Z,false,2025-09-18T04:12:58.497Z,2025-10-01T00:00:00Z,2,2,Medical Condition,859,
rowhcg06ff3s,246,2026-06-18T06:38:52.039Z,"{""id"": ""SocketKey_21295_id4cvu""}",,,d693bae3-78cf-4cad-b720-c050f7d1e7fd,0,1,1,false,false,2025-11-01T00:00:00Z,2025-11-01T00:00:00Z,true,2024-10-10T12:24:09.363Z,null,0,2,Medical Condition,229,
rowsa7bh7l5v,247,2026-06-18T06:38:55.045Z,"{""id"": ""SocketKey_21295_id4cvu""}",,,941b7adb-d80b-4444-bc1e-3c52da0b96fa,1,0,1,false,false,2024-04-01T00:00:00Z,2025-06-02T00:00:00Z,true,2024-05-30T07:46:33.623Z,2024-04-30T00:00:00Z,2,2,Performance Issue,808,
rowvkheht664,248,2026-06-18T06:38:58.055Z,"{""id"": ""SocketKey_21295_id4cvu""}",,,c478035e-5e3d-46b3-80ba-2964b05fa196,1,0,1,false,false,2024-02-14T00:00:00Z,2024-08-14T00:00:00Z,true,2024-05-30T07:47:28Z,2024-04-30T00:00:00Z,2,2,Performance Issue,855,
rowzg0afjwrh,249,2026-06-18T06:39:01.266Z,"{""id"": ""SocketKey_21295_id4cvu""}",,,bb7d5a80-234f-4e9e-8051-ec576bed86b8,1,1,1,false,false,2024-11-01T00:00:00Z,2024-11-30T00:00:00Z,false,2024-12-18T08:53:04.143Z,2024-12-01T00:00:00Z,2,2,Medical Condition,594,
rowg072baqy0,250,2026-06-18T06:39:04.512Z,"{""id"": ""SocketKey_21295_id4cvu""}",,,5180303b-f44f-40f5-b32d-d9b5856ec70c,1,1,1,false,false,2023-12-11T00:00:00Z,2024-05-12T00:00:00Z,false,2024-10-10T12:00:20.71Z,2024-08-08T00:00:00Z,2,2,Medical Condition,920,
rowd8kmb10af,251,2026-06-18T06:39:07.268Z,"{""id"": ""SocketKey_21295_id4cvu""}",,,cdf9da89-0d78-4908-abf7-b46bb646db91,1,1,1,false,false,2024-02-26T00:00:00Z,2024-08-26T00:00:00Z,false,2025-09-08T12:10:17.567Z,2025-09-01T00:00:00Z,2,2,Medical Condition,843,
rowjomspcoty,252,2026-06-18T06:39:10.261Z,"{""id"": ""SocketKey_21295_id4cvu""}",,,ca162d6b-0c49-4841-b07b-b7605026b1a2,1,0,1,false,false,2024-01-03T00:00:00Z,2024-07-03T00:00:00Z,true,2024-05-30T07:47:28Z,2024-04-30T00:00:00Z,2,2,Performance Issue,897,
rowsajyef0e3,253,2026-06-18T06:39:13.264Z,"{""id"": ""SocketKey_21295_id4cvu""}",,,790f5c54-ca5e-42e1-b87d-26fc0a94ef14,1,0,1,false,false,2024-04-01T00:00:00Z,2024-10-03T00:00:00Z,true,2024-06-29T11:19:30.397Z,2024-05-31T00:00:00Z,2,2,Performance Issue,808,
row5589v7pk8,254,2026-06-18T06:39:16.284Z,"{""id"": ""SocketKey_21295_id4cvu""}",,,79355861-6d2b-42ce-9f7a-640f0ede1645,0,1,1,false,false,2024-03-04T00:00:00Z,2024-10-03T00:00:00Z,false,null,null,0,0,null,836,
row92zrd16vh,255,2026-06-18T06:39:19.269Z,"{""id"": ""SocketKey_21295_id4cvu""}",,,86daf0e9-1f41-4cbc-a97e-781dc4dc561a,1,1,1,false,false,2024-03-13T00:00:00Z,2024-09-13T00:00:00Z,true,2024-07-23T07:39:35.093Z,2024-06-30T00:00:00Z,2,2,Performance Issue,827,
row792sx9113,256,2026-06-18T06:39:22.512Z,"{""id"": ""SocketKey_21295_id4cvu""}",,,4bd00ea3-434c-4489-9670-4fd4268c9b41,1,1,1,false,false,2024-03-15T00:00:00Z,2024-09-15T00:00:00Z,false,2026-05-09T11:39:45.643Z,2026-05-01T00:00:00Z,2,2,Medical Condition,825,
row9uqfsm1aa,257,2026-06-18T06:39:25.544Z,"{""id"": ""SocketKey_21295_id4cvu""}",,,35ec01ff-5abb-47f0-8e2d-2697bc03165d,0,1,1,false,false,2024-01-01T00:00:00Z,2024-07-01T00:00:00Z,false,null,null,0,0,null,899,
rowkxujkrpnu,258,2026-06-18T06:39:28.517Z,"{""id"": ""SocketKey_21295_id4cvu""}",,,cb67f82a-30f8-41bb-ad8a-25c0c8028afc,0,1,1,false,false,2024-01-22T00:00:00Z,2024-07-22T00:00:00Z,false,null,null,0,0,null,878,
rowjrtloiqvo,259,2026-06-18T06:39:31.550Z,"{""id"": ""SocketKey_21295_id4cvu""}",,,4fa4f502-0776-463e-85e4-366b417e061c,1,0,1,false,false,2024-03-15T00:00:00Z,2024-09-15T00:00:00Z,true,2024-05-30T07:47:28Z,2024-04-30T00:00:00Z,2,2,Performance Issue,825,
row2its7se1d,260,2026-06-18T06:39:34.516Z,"{""id"": ""SocketKey_21295_id4cvu""}",,,beb333b6-1c24-4ea0-abdd-be219636d150,1,0,1,false,false,2023-11-22T00:00:00Z,2024-05-22T00:00:00Z,false,2024-10-10T11:58:58.91Z,2024-08-15T00:00:00Z,2,2,Medical Condition,939,
rowql2mb0gk5,261,2026-06-18T06:39:37.523Z,"{""id"": ""SocketKey_21295_id4cvu""}",,,d3ae5fc8-1720-4a90-b975-c5565ea260cc,1,1,1,false,false,2023-08-07T00:00:00Z,2024-02-07T00:00:00Z,false,2025-03-07T11:38:56.787Z,2025-02-01T00:00:00Z,2,2,Medical Condition,1046,
rowmgf3i7bpx,262,2026-06-18T06:39:40.519Z,"{""id"": ""SocketKey_21295_id4cvu""}",,,7fbeef04-0cae-4d21-bf22-1fd6e3cbeb71,1,1,1,false,false,2023-11-02T00:00:00Z,2025-05-02T00:00:00Z,true,2025-04-08T09:19:05.053Z,2025-04-01T00:00:00Z,2,2,Medical Condition,959,
row7bslvnvi7,263,2026-06-18T06:39:43.532Z,"{""id"": ""SocketKey_21295_id4cvu""}",,,38dac0d2-42b6-4c51-b22a-64d66166d557,1,0,1,false,false,2023-08-16T00:00:00Z,2024-02-16T00:00:00Z,false,2024-06-29T11:23:14.477Z,2024-07-31T00:00:00Z,2,1,Explore Other careers,1037,
row5qmq7fohw,264,2026-06-18T06:39:46.538Z,"{""id"": ""SocketKey_21295_id4cvu""}",,,a69f29bb-0a28-459c-b62e-59835d0bbceb,1,1,1,false,false,2024-02-12T00:00:00Z,2024-08-12T00:00:00Z,false,2025-01-06T10:36:44.83Z,2025-01-01T00:00:00Z,2,2,Medical Condition,857,
row878yji858,265,2026-06-18T06:39:49.766Z,"{""id"": ""SocketKey_21295_id4cvu""}",,,6b017b0d-5217-47a6-9534-8f86f4842816,1,1,1,false,false,2023-11-04T00:00:00Z,2024-05-04T00:00:00Z,false,2025-11-08T06:53:45.003Z,2025-10-01T00:00:00Z,2,2,Absconding,957,
row8i47daxfa,266,2026-06-18T06:39:52.764Z,"{""id"": ""SocketKey_21295_id4cvu""}",,,aebf0714-dc00-475f-b250-a73805b58a8a,1,1,1,false,false,2023-09-25T00:00:00Z,2024-03-25T00:00:00Z,false,2025-09-08T12:11:36.747Z,2025-08-01T00:00:00Z,2,2,Medical Condition,997,
row3kckxs09m,267,2026-06-18T06:39:55.766Z,"{""id"": ""SocketKey_21295_id4cvu""}",,,79573676-d585-4cfb-a191-32a4d950d7f9,1,1,1,false,false,2023-12-04T00:00:00Z,2024-06-04T00:00:00Z,false,2024-10-10T10:44:17.893Z,2024-09-05T00:00:00Z,2,2,Medical Condition,927,
rowyhyflat8x,268,2026-06-18T06:39:58.766Z,"{""id"": ""SocketKey_21295_id4cvu""}",,,138b0bdf-8b25-4a36-b3e4-8a72528c59fd,1,1,1,false,false,2022-04-04T00:00:00Z,2022-10-04T00:00:00Z,false,2025-07-06T03:07:52.19Z,2025-07-01T00:00:00Z,2,2,Medical Condition,1536,
rowbxp7d2aal,269,2026-06-18T06:40:01.764Z,"{""id"": ""SocketKey_21295_id4cvu""}",,,4d3eb37a-0339-4976-b028-6d9a9479e8ea,1,1,1,false,false,2022-05-02T00:00:00Z,2022-11-02T00:00:00Z,false,2025-01-06T10:35:57.06Z,2025-01-01T00:00:00Z,2,2,Medical Condition,1508,
rowukycnc20y,270,2026-06-18T06:41:40.034Z,"{""id"": ""SocketKey_21295_id4cvu""}",,,673a7e71-f152-46b9-bbf4-bef4482633a8,1,1,1,false,false,2024-11-01T00:00:00Z,2024-11-30T00:00:00Z,false,2024-12-18T08:55:48.807Z,2024-12-01T00:00:00Z,2,2,Medical Condition,594,
rowedimecl6l,271,2026-06-18T06:41:41.516Z,"{""id"": ""SocketKey_21295_id4cvu""}",,,558e92c3-92fd-447a-9743-3933df656f05,1,1,1,false,false,2024-03-06T00:00:00Z,2024-09-06T00:00:00Z,false,2024-12-18T11:20:45.757Z,2024-12-01T00:00:00Z,2,2,Medical Condition,834,
rowdhl8jiays,272,2026-06-18T06:41:42.295Z,"{""id"": ""SocketKey_21295_id4cvu""}",,,987b3e8d-00fd-4476-a9e5-9e6434b4b34c,1,1,1,false,false,2024-02-12T00:00:00Z,2025-06-02T00:00:00Z,true,2024-10-15T08:52:02.387Z,2024-09-30T00:00:00Z,2,2,Medical Condition,857,
rowo7hlcttsh,273,2026-06-18T06:41:43.024Z,"{""id"": ""SocketKey_21295_id4cvu""}",,,4bb3a33f-6f0d-474a-b3ba-d62f607c8e42,1,0,1,false,false,2023-05-25T00:00:00Z,2023-11-25T00:00:00Z,false,2025-12-11T09:16:35.973Z,2025-11-01T00:00:00Z,2,2,Absconding,1120,
row9tos8aste,274,2026-06-18T06:41:43.262Z,"{""id"": ""SocketKey_21295_id4cvu""}",,,a92dd988-0adb-4c61-bd34-d3f08d149148,1,0,1,false,false,2023-10-06T00:00:00Z,2024-04-06T00:00:00Z,false,2024-06-04T09:07:10.307Z,2024-04-30T00:00:00Z,2,2,Performance Issue,986,
rowlcuz3sfo8,275,2026-06-18T06:41:43.589Z,"{""id"": ""SocketKey_21295_id4cvu""}",,,4b32da3f-b5d5-4c1b-bd44-a9b014cda8e1,1,1,1,false,false,2024-02-11T00:00:00Z,2024-08-11T00:00:00Z,false,2025-11-08T06:55:41.597Z,2025-10-01T00:00:00Z,2,2,Absconding,858,
rowr1gf2c9zt,276,2026-06-18T06:41:43.769Z,"{""id"": ""SocketKey_21295_id4cvu""}",,,74745174-19a7-4f83-bdae-5ead553a9ca5,1,0,1,false,false,2023-07-01T00:00:00Z,2024-01-01T00:00:00Z,false,2025-04-08T09:19:56.643Z,2025-04-01T00:00:00Z,2,2,Medical Condition,1083,
rowpqlp1988h,277,2026-06-18T06:41:44.049Z,"{""id"": ""SocketKey_21295_id4cvu""}",,,a1c4a43b-8e81-4195-805f-517fcff4ab68,1,1,1,false,false,2022-05-04T00:00:00Z,2022-11-04T00:00:00Z,false,2025-06-09T09:58:30.553Z,2025-06-01T00:00:00Z,2,2,Medical Condition,1506,
row9ayu7roee,278,2026-06-18T06:41:44.306Z,"{""id"": ""SocketKey_21295_id4cvu""}",,,bf83aa07-e76f-4df6-bcd5-ee428eb811f6,1,0,1,false,false,2023-08-14T00:00:00Z,2024-02-14T00:00:00Z,false,2024-06-29T11:24:12.84Z,2024-07-31T00:00:00Z,2,1,Explore Other careers,1039,
row0r6cbd581,279,2026-06-18T06:41:45.357Z,"{""id"": ""SocketKey_21295_id4cvu""}",,,6452be88-5926-4952-976d-589e1971e971,1,1,1,false,false,2023-03-11T00:00:00Z,2023-09-11T00:00:00Z,false,2025-11-08T06:56:29.747Z,2025-10-01T00:00:00Z,2,2,Absconding,1195,
rowapvak7isj,280,2026-06-18T06:41:45.517Z,"{""id"": ""SocketKey_21295_id4cvu""}",,,a7bbf2a0-ae35-4d43-99c8-84e0b21402b3,1,1,1,false,false,2023-08-14T00:00:00Z,2024-02-14T00:00:00Z,false,2025-11-08T06:54:46.457Z,2025-10-01T00:00:00Z,2,2,Absconding,1039,
row4f6h9twq4,281,2026-06-18T06:41:45.766Z,"{""id"": ""SocketKey_21295_id4cvu""}",,,b1d99645-8442-403d-b60c-d41f26eac92e,1,1,1,false,false,2023-11-08T00:00:00Z,2024-02-11T00:00:00Z,false,2024-12-17T06:14:50.543Z,2024-11-07T00:00:00Z,2,2,Medical Condition,953,
rowzlfyl1lkn,282,2026-06-18T06:41:46.022Z,"{""id"": ""SocketKey_21295_id4cvu""}",,,03d2bb1f-f363-4c8b-8cf5-809473027760,1,0,1,false,false,2023-03-05T00:00:00Z,2023-09-05T00:00:00Z,false,2024-10-10T10:18:25.627Z,2024-10-05T00:00:00Z,2,2,Performance Issue,1201,
rowxvvihxn29,283,2026-06-18T06:41:46.266Z,"{""id"": ""SocketKey_21295_id4cvu""}",,,ccdd43ee-c50c-4479-a2ec-d1fe1779b023,1,1,1,false,false,2023-04-03T00:00:00Z,2023-10-03T00:00:00Z,false,2026-02-14T09:43:31.323Z,2026-02-01T00:00:00Z,2,2,Medical Condition,1172,
rowfp1up9v4f,284,2026-06-18T06:41:46.522Z,"{""id"": ""SocketKey_21295_id4cvu""}",,,f781f468-e0d0-45eb-806d-28abd15b7662,1,1,1,false,false,2023-09-01T00:00:00Z,2024-03-01T00:00:00Z,false,2026-04-15T11:04:48.22Z,2026-04-01T00:00:00Z,2,2,Medical Condition,1021,
rowjes0dryby,285,2026-06-18T06:41:46.528Z,"{""id"": ""SocketKey_21295_id4cvu""}",,,eb75f9df-8671-4deb-acb8-19cc39e5c636,1,1,1,false,false,2025-09-01T00:00:00Z,2025-10-01T00:00:00Z,false,2026-04-15T11:04:10.39Z,2026-04-01T00:00:00Z,2,2,Medical Condition,290,
row405kivj2p,286,2026-06-18T06:41:46.766Z,"{""id"": ""SocketKey_21295_id4cvu""}",,,b03a3efa-bcb0-4dda-bede-a567b0832938,1,1,1,false,false,2023-04-06T00:00:00Z,2023-10-06T00:00:00Z,false,2026-05-11T02:18:09.587Z,2026-05-01T00:00:00Z,2,2,Medical Condition,1169,
rowd817txgmt,287,2026-06-18T06:41:47.021Z,"{""id"": ""SocketKey_21295_id4cvu""}",,,b8d6928d-d919-4c7d-ad8e-d5d58918fb1c,1,1,1,false,false,2021-11-21T00:00:00Z,2022-05-21T00:00:00Z,false,2026-05-09T11:48:06.33Z,2026-05-01T00:00:00Z,2,2,Medical Condition,1670,
rowitl3y40sm,288,2026-06-18T06:41:47.038Z,"{""id"": ""SocketKey_21295_id4cvu""}",,,50ed521f-70b2-4226-802e-8272da0df301,1,1,1,false,false,2021-01-01T00:00:00Z,2021-07-01T00:00:00Z,false,2025-02-13T09:11:26.017Z,2025-02-01T00:00:00Z,2,2,Medical Condition,1994,
rowm5qw9wzpe,289,2026-06-18T06:41:47.792Z,"{""id"": ""SocketKey_21295_id4cvu""}",,,f1ab4e5e-a146-411e-bbb6-8bc485395d54,1,1,1,false,false,2024-11-01T00:00:00Z,2024-11-30T00:00:00Z,false,2024-12-18T08:51:46.937Z,2024-12-01T00:00:00Z,2,2,Performance Issue,594,
rowupsj03wm7,290,2026-06-18T06:41:48.292Z,"{""id"": ""SocketKey_21295_id4cvu""}",,,326a1ee3-4e09-4696-9d02-8cf19ddcec4c,1,1,1,false,false,2021-09-08T00:00:00Z,2022-03-08T00:00:00Z,false,2025-11-08T06:52:40.04Z,2025-11-01T00:00:00Z,2,2,Absconding,1744,
rowor0tblccs,291,2026-06-18T06:41:48.516Z,"{""id"": ""SocketKey_21295_id4cvu""}",,,fd35c77b-a018-44d4-96e3-2cb302a05b4e,0,1,1,false,false,2019-05-01T00:00:00Z,2019-11-01T00:00:00Z,false,null,null,0,0,null,2605,
